Age,1951,1952,1953,1954,1955,1956,1957,1958,1959,1960,1961,1962,1963,1964,1965,1966,1967,1968,1969,1970,1971,1972,1973,1974,1975,1976,1977,1978,1979,1980,1981,1982,1983,1984,1985,1986,1987,1988,1989,1990,1991,1992,1993,1994,1995,1996,1997,1998,1999,2000,2001,2002,2003,2004,2005,2006,2007,2008,2009,2010,2011,2012,2013,2014,2015,2016,2017,2018,2019,2020,2021,2022,2023,2024,2025,2026,2027,2028,2029,2030,2031,2032,2033,2034,2035,2036,2037
20,-0.0148,-0.0064,0.0017,0.009,0.0149,0.0192,0.0214,0.0213,0.0183,0.0124,0.0042,-0.0058,-0.0162,-0.0257,-0.0331,-0.0372,-0.0371,-0.0328,-0.025,-0.0151,-0.0051,0.0039,0.0109,0.0157,0.0181,0.0192,0.02,0.0221,0.0257,0.0302,0.0335,0.0335,0.0294,0.0219,0.013,0.0048,-0.0011,-0.0044,-0.0048,-0.0026,0.0018,0.0078,0.0146,0.0213,0.0268,0.0296,0.0289,0.0247,0.0176,0.0095,0.0024,-0.002,-0.0027,0.0006,0.0073,0.0164,0.026,0.0334,0.0366,0.0347,0.0282,0.0184,0.0071,-0.0035,-0.011,-0.014,-0.0129,-0.0124,-0.0112,-0.0093,-0.0069,-0.0042,-0.0015,0,0.0036,0.0055,0.0069,0.0078,0.0078,0.0078,0.0078,0.0078,0.0078,0.0078,0.0078,0.0078,0.0078
21,-0.0141,-0.0058,0.0022,0.0093,0.0151,0.0193,0.0214,0.021,0.0178,0.0119,0.0037,-0.006,-0.016,-0.0252,-0.0323,-0.0363,-0.0362,-0.032,-0.0243,-0.0147,-0.0049,0.0036,0.0103,0.0146,0.0168,0.0177,0.0184,0.0204,0.0241,0.0287,0.0322,0.0326,0.029,0.0219,0.0134,0.0056,0,-0.0028,-0.0029,-0.0006,0.0038,0.0096,0.016,0.0221,0.0269,0.0289,0.0274,0.0224,0.0146,0.006,-0.0016,-0.0062,-0.0071,-0.004,0.0026,0.0117,0.0213,0.0289,0.0323,0.0307,0.0244,0.0149,0.004,-0.006,-0.0129,-0.0152,-0.0132,-0.0126,-0.0113,-0.0094,-0.007,-0.0043,-0.0015,0,0.0036,0.0055,0.0069,0.0078,0.0078,0.0078,0.0078,0.0078,0.0078,0.0078,0.0078,0.0078,0.0078
22,-0.0117,-0.0039,0.0036,0.0104,0.0158,0.0194,0.0211,0.0204,0.0169,0.011,0.0029,-0.0064,-0.0159,-0.0246,-0.0313,-0.0349,-0.0346,-0.0305,-0.0231,-0.0139,-0.0045,0.0036,0.0098,0.0137,0.0156,0.0162,0.0168,0.0187,0.0223,0.0268,0.0305,0.0312,0.0278,0.0211,0.0129,0.0054,0.0002,-0.0022,-0.0019,0.0009,0.0056,0.0116,0.018,0.0239,0.0282,0.0297,0.0274,0.0215,0.0129,0.0034,-0.0047,-0.0098,-0.011,-0.0081,-0.0016,0.0074,0.017,0.0246,0.0281,0.0265,0.0204,0.0112,0.0006,-0.009,-0.0154,-0.017,-0.0143,-0.0133,-0.0118,-0.0098,-0.0074,-0.0046,-0.0018,0,0.0035,0.0055,0.0069,0.0078,0.0078,0.0078,0.0078,0.0078,0.0078,0.0078,0.0078,0.0078,0.0078
23,-0.0078,-0.0007,0.006,0.012,0.0166,0.0196,0.0207,0.0194,0.0157,0.0098,0.0019,-0.0069,-0.0159,-0.0239,-0.0299,-0.0331,-0.0326,-0.0286,-0.0215,-0.0127,-0.0039,0.0037,0.0094,0.013,0.0145,0.0149,0.0153,0.0169,0.0203,0.0247,0.0284,0.0292,0.026,0.0195,0.0115,0.0042,-0.0007,-0.0028,-0.0019,0.0015,0.0069,0.0135,0.0203,0.0265,0.0307,0.0318,0.0289,0.0221,0.0126,0.0021,-0.0068,-0.0125,-0.0142,-0.0116,-0.0053,0.0035,0.013,0.0205,0.024,0.0224,0.0164,0.0073,-0.0031,-0.0125,-0.0185,-0.0196,-0.0163,-0.0148,-0.0128,-0.0106,-0.008,-0.0051,-0.0021,0,0.0034,0.0055,0.0069,0.0078,0.0078,0.0078,0.0078,0.0078,0.0078,0.0078,0.0078,0.0078,0.0078
24,-0.0028,0.0033,0.0091,0.014,0.0177,0.0198,0.02,0.0182,0.0142,0.0083,0.0008,-0.0076,-0.0159,-0.0231,-0.0285,-0.0311,-0.0303,-0.0263,-0.0195,-0.0113,-0.003,0.0041,0.0093,0.0125,0.0138,0.014,0.014,0.0153,0.0182,0.0222,0.0257,0.0266,0.0235,0.0171,0.0093,0.0021,-0.0027,-0.0044,-0.0029,0.0013,0.0077,0.0152,0.0228,0.0296,0.0342,0.0352,0.0319,0.0243,0.0137,0.0021,-0.0078,-0.0143,-0.0166,-0.0144,-0.0084,0.0002,0.0094,0.0167,0.02,0.0183,0.0123,0.0032,-0.007,-0.0161,-0.0219,-0.0227,-0.019,-0.0171,-0.0146,-0.0118,-0.0089,-0.0058,-0.0026,0,0.0033,0.0055,0.0069,0.0078,0.0078,0.0078,0.0078,0.0078,0.0078,0.0078,0.0078,0.0078,0.0078
25,0.0031,0.008,0.0126,0.0163,0.0188,0.0198,0.0192,0.0168,0.0125,0.0066,-0.0005,-0.0083,-0.0159,-0.0224,-0.0269,-0.0289,-0.0279,-0.0239,-0.0175,-0.0097,-0.002,0.0047,0.0096,0.0125,0.0136,0.0134,0.0131,0.0138,0.0162,0.0196,0.0227,0.0233,0.0203,0.0139,0.0062,-0.0009,-0.0055,-0.0068,-0.0047,0.0004,0.0078,0.0164,0.0252,0.0329,0.0382,0.0396,0.036,0.0278,0.0162,0.0035,-0.0075,-0.015,-0.018,-0.0164,-0.0108,-0.0025,0.0063,0.0132,0.0162,0.0144,0.0083,-0.0008,-0.0109,-0.0199,-0.0255,-0.0262,-0.0222,-0.02,-0.017,-0.0136,-0.01,-0.0066,-0.0031,0,0.0031,0.0054,0.0069,0.0078,0.0078,0.0078,0.0078,0.0078,0.0078,0.0078,0.0078,0.0078,0.0078
26,0.0093,0.0129,0.0162,0.0186,0.0198,0.0197,0.0182,0.0152,0.0107,0.0049,-0.0018,-0.009,-0.0159,-0.0216,-0.0254,-0.0268,-0.0255,-0.0215,-0.0154,-0.0081,-0.0008,0.0055,0.0102,0.013,0.0139,0.0135,0.0128,0.0129,0.0144,0.017,0.0194,0.0195,0.0163,0.0099,0.0022,-0.0047,-0.009,-0.01,-0.0073,-0.0012,0.0073,0.017,0.027,0.036,0.0423,0.0445,0.0411,0.0324,0.0199,0.0062,-0.006,-0.0145,-0.0183,-0.0174,-0.0124,-0.0047,0.0036,0.01,0.0126,0.0106,0.0043,-0.0047,-0.0148,-0.0237,-0.0292,-0.0298,-0.0256,-0.0232,-0.0198,-0.0158,-0.0116,-0.0075,-0.0037,-0.0002,0.0029,0.0054,0.0069,0.0078,0.0078,0.0078,0.0078,0.0078,0.0078,0.0078,0.0078,0.0078,0.0078
27,0.0155,0.0177,0.0196,0.0206,0.0206,0.0194,0.0171,0.0135,0.0089,0.0033,-0.003,-0.0096,-0.0158,-0.0208,-0.024,-0.0249,-0.0233,-0.0193,-0.0134,-0.0065,0.0005,0.0066,0.0111,0.0139,0.0148,0.0142,0.0131,0.0124,0.013,0.0146,0.0159,0.0153,0.0117,0.0052,-0.0025,-0.0092,-0.0131,-0.0136,-0.0102,-0.0034,0.006,0.0169,0.0282,0.0386,0.0463,0.0495,0.0466,0.0378,0.0247,0.01,-0.0033,-0.0128,-0.0176,-0.0175,-0.0132,-0.0062,0.0014,0.0072,0.0093,0.007,0.0007,-0.0084,-0.0184,-0.0272,-0.0327,-0.0333,-0.0291,-0.0266,-0.0229,-0.0185,-0.0137,-0.0089,-0.0045,-0.0006,0.0027,0.0053,0.0069,0.0078,0.0078,0.0078,0.0078,0.0078,0.0078,0.0078,0.0078,0.0078,0.0078
28,0.0213,0.0222,0.0227,0.0224,0.0212,0.019,0.0158,0.0119,0.0072,0.0018,-0.004,-0.0101,-0.0157,-0.0201,-0.0226,-0.0231,-0.0213,-0.0174,-0.0117,-0.0049,0.0018,0.0078,0.0125,0.0153,0.0163,0.0156,0.014,0.0126,0.0121,0.0124,0.0126,0.011,0.0067,-0.0001,-0.0077,-0.014,-0.0175,-0.0174,-0.0134,-0.006,0.0042,0.016,0.0285,0.0404,0.0497,0.0542,0.0522,0.0435,0.03,0.0146,0.0004,-0.01,-0.0157,-0.0165,-0.0131,-0.007,-0.0002,0.0049,0.0065,0.0039,-0.0026,-0.0118,-0.0217,-0.0305,-0.0359,-0.0366,-0.0325,-0.03,-0.0261,-0.0213,-0.016,-0.0106,-0.0055,-0.0011,0.0025,0.0053,0.0069,0.0078,0.0078,0.0078,0.0078,0.0078,0.0078,0.0078,0.0078,0.0078,0.0078
29,0.0266,0.0261,0.0253,0.0238,0.0215,0.0183,0.0146,0.0104,0.0057,0.0006,-0.0049,-0.0105,-0.0155,-0.0193,-0.0214,-0.0216,-0.0196,-0.0157,-0.0101,-0.0035,0.0032,0.0092,0.0141,0.0172,0.0183,0.0176,0.0157,0.0135,0.0119,0.0109,0.0096,0.0068,0.0017,-0.0054,-0.013,-0.0191,-0.022,-0.0213,-0.0168,-0.0088,0.0019,0.0145,0.0281,0.0415,0.0524,0.0583,0.0572,0.049,0.0355,0.0196,0.0048,-0.0064,-0.0129,-0.0146,-0.0121,-0.007,-0.0011,0.0032,0.0042,0.0012,-0.0055,-0.0146,-0.0246,-0.0333,-0.0388,-0.0396,-0.0358,-0.0333,-0.0293,-0.0242,-0.0184,-0.0125,-0.0069,-0.0018,0.0023,0.0052,0.0069,0.0078,0.0078,0.0078,0.0078,0.0078,0.0078,0.0078,0.0078,0.0078,0.0078
30,0.031,0.0293,0.0273,0.0248,0.0215,0.0176,0.0134,0.009,0.0044,-0.0005,-0.0056,-0.0107,-0.0152,-0.0186,-0.0204,-0.0203,-0.0182,-0.0143,-0.0088,-0.0022,0.0045,0.0108,0.0158,0.0193,0.0206,0.02,0.0178,0.015,0.0123,0.01,0.0073,0.0032,-0.0029,-0.0105,-0.0182,-0.024,-0.0265,-0.0251,-0.0201,-0.0118,-0.0008,0.0124,0.027,0.0417,0.0542,0.0616,0.0615,0.0539,0.0405,0.0246,0.0095,-0.0022,-0.0093,-0.0117,-0.0103,-0.0061,-0.0012,0.0022,0.0026,-0.0008,-0.0077,-0.0169,-0.0269,-0.0356,-0.0412,-0.0422,-0.0388,-0.0364,-0.0323,-0.027,-0.021,-0.0146,-0.0084,-0.0029,0.0018,0.0051,0.0069,0.0078,0.0078,0.0078,0.0078,0.0078,0.0078,0.0078,0.0078,0.0078,0.0078
31,0.0346,0.0318,0.0289,0.0254,0.0213,0.0168,0.0123,0.0078,0.0033,-0.0013,-0.0061,-0.0108,-0.0149,-0.018,-0.0194,-0.0191,-0.017,-0.0131,-0.0076,-0.001,0.0058,0.0123,0.0177,0.0215,0.0231,0.0226,0.0203,0.017,0.0134,0.0099,0.0058,0.0004,-0.0067,-0.0149,-0.0228,-0.0285,-0.0306,-0.0288,-0.0234,-0.0148,-0.0035,0.0101,0.0255,0.0413,0.055,0.0637,0.0646,0.0576,0.0447,0.029,0.0139,0.0021,-0.0053,-0.0082,-0.0076,-0.0044,-0.0005,0.002,0.0018,-0.002,-0.0091,-0.0185,-0.0286,-0.0374,-0.0431,-0.0444,-0.0415,-0.0392,-0.0351,-0.0297,-0.0234,-0.0167,-0.0102,-0.0041,0.001,0.0047,0.0068,0.0078,0.0078,0.0078,0.0078,0.0078,0.0078,0.0078,0.0078,0.0078,0.0078
32,0.0372,0.0337,0.0299,0.0258,0.0211,0.0161,0.0113,0.0068,0.0024,-0.0019,-0.0064,-0.0108,-0.0146,-0.0173,-0.0186,-0.0182,-0.016,-0.012,-0.0065,0.0001,0.0071,0.0138,0.0195,0.0236,0.0255,0.0252,0.0229,0.0193,0.0151,0.0106,0.0053,-0.0013,-0.0094,-0.0183,-0.0265,-0.0322,-0.0342,-0.0322,-0.0265,-0.0177,-0.0062,0.0077,0.0236,0.0402,0.055,0.0646,0.0664,0.0601,0.0477,0.0325,0.0178,0.0063,-0.0011,-0.0043,-0.0042,-0.0019,0.0011,0.0028,0.0019,-0.0024,-0.0098,-0.0193,-0.0295,-0.0385,-0.0445,-0.0462,-0.0439,-0.0417,-0.0376,-0.0321,-0.0257,-0.0188,-0.0119,-0.0055,0,0.0041,0.0065,0.0078,0.0078,0.0078,0.0078,0.0078,0.0078,0.0078,0.0078,0.0078,0.0078
33,0.039,0.0349,0.0305,0.0259,0.0208,0.0155,0.0106,0.006,0.0018,-0.0024,-0.0067,-0.0107,-0.0143,-0.0167,-0.0178,-0.0173,-0.0151,-0.0111,-0.0055,0.0012,0.0083,0.0152,0.0212,0.0255,0.0277,0.0276,0.0254,0.0218,0.0172,0.012,0.0058,-0.0017,-0.0106,-0.0202,-0.0289,-0.0349,-0.037,-0.035,-0.0293,-0.0204,-0.0088,0.0053,0.0216,0.0386,0.0539,0.0642,0.0667,0.061,0.0493,0.0348,0.0209,0.0099,0.003,-0.0001,-0.0004,0.0013,0.0034,0.0044,0.0029,-0.0018,-0.0095,-0.0192,-0.0297,-0.039,-0.0453,-0.0475,-0.0458,-0.0438,-0.0398,-0.0343,-0.0278,-0.0208,-0.0136,-0.0069,-0.0011,0.0033,0.006,0.0076,0.0078,0.0078,0.0078,0.0078,0.0078,0.0078,0.0078,0.0078,0.0078
34,0.04,0.0355,0.0308,0.0258,0.0205,0.0151,0.01,0.0055,0.0013,-0.0028,-0.0068,-0.0106,-0.0139,-0.0161,-0.0171,-0.0165,-0.0143,-0.0102,-0.0046,0.0022,0.0094,0.0165,0.0226,0.0272,0.0296,0.0297,0.0278,0.0243,0.0197,0.0141,0.0073,-0.0009,-0.0105,-0.0208,-0.03,-0.0364,-0.0388,-0.0371,-0.0316,-0.0228,-0.0112,0.003,0.0193,0.0365,0.0521,0.0627,0.0657,0.0606,0.0495,0.0359,0.0229,0.0129,0.0067,0.0039,0.0036,0.0049,0.0064,0.0068,0.0047,-0.0003,-0.0083,-0.0183,-0.029,-0.0387,-0.0455,-0.0483,-0.0473,-0.0455,-0.0416,-0.0361,-0.0296,-0.0225,-0.0152,-0.0084,-0.0023,0.0024,0.0054,0.0072,0.0078,0.0078,0.0078,0.0078,0.0078,0.0078,0.0078,0.0078,0.0078
35,0.0402,0.0356,0.0308,0.0256,0.0202,0.0148,0.0097,0.0052,0.001,-0.0029,-0.0067,-0.0104,-0.0134,-0.0155,-0.0164,-0.0158,-0.0135,-0.0094,-0.0037,0.0031,0.0105,0.0176,0.0238,0.0285,0.0311,0.0315,0.0299,0.0267,0.0222,0.0165,0.0095,0.0009,-0.0092,-0.0199,-0.0295,-0.0364,-0.0394,-0.0382,-0.0331,-0.0246,-0.0133,0.0007,0.0169,0.0339,0.0494,0.0601,0.0634,0.0588,0.0485,0.0358,0.0239,0.0151,0.0098,0.0076,0.0076,0.0087,0.0099,0.0098,0.0073,0.002,-0.0063,-0.0165,-0.0275,-0.0375,-0.0449,-0.0483,-0.0481,-0.0466,-0.0429,-0.0376,-0.0311,-0.0239,-0.0167,-0.0097,-0.0035,0.0014,0.0046,0.0066,0.0078,0.0078,0.0078,0.0078,0.0078,0.0078,0.0078,0.0078,0.0078
36,0.0398,0.0352,0.0305,0.0254,0.02,0.0147,0.0097,0.0052,0.0011,-0.0028,-0.0065,-0.01,-0.0129,-0.0149,-0.0157,-0.015,-0.0127,-0.0086,-0.0029,0.004,0.0114,0.0185,0.0247,0.0295,0.0323,0.0329,0.0316,0.0288,0.0247,0.0192,0.0122,0.0035,-0.0068,-0.0177,-0.0277,-0.035,-0.0386,-0.038,-0.0337,-0.0259,-0.0151,-0.0016,0.0141,0.0308,0.046,0.0566,0.0601,0.056,0.0465,0.0348,0.0241,0.0164,0.0121,0.0107,0.0111,0.0124,0.0135,0.0132,0.0105,0.0049,-0.0035,-0.0139,-0.0252,-0.0356,-0.0434,-0.0475,-0.0481,-0.047,-0.0436,-0.0385,-0.0322,-0.0251,-0.0178,-0.0109,-0.0046,0.0004,0.0037,0.0059,0.0078,0.0078,0.0078,0.0078,0.0078,0.0078,0.0078,0.0078,0.0078
37,0.0389,0.0345,0.0299,0.025,0.0198,0.0147,0.0097,0.0053,0.0013,-0.0025,-0.0061,-0.0094,-0.0122,-0.0141,-0.0149,-0.0143,-0.012,-0.0079,-0.0021,0.0048,0.0121,0.0192,0.0254,0.0302,0.033,0.0339,0.033,0.0307,0.027,0.0218,0.0151,0.0065,-0.0036,-0.0145,-0.0245,-0.0322,-0.0363,-0.0366,-0.0332,-0.0264,-0.0165,-0.0038,0.0112,0.0272,0.0419,0.0524,0.056,0.0524,0.0436,0.033,0.0234,0.0168,0.0136,0.013,0.0141,0.0158,0.017,0.0168,0.0141,0.0084,-0.0001,-0.0107,-0.0221,-0.0327,-0.041,-0.0458,-0.0473,-0.0466,-0.0437,-0.0389,-0.0328,-0.0259,-0.0188,-0.0118,-0.0056,-0.0006,0.0028,0.0052,0.0072,0.0078,0.0078,0.0078,0.0078,0.0078,0.0078,0.0078,0.0078
38,0.0375,0.0335,0.0292,0.0246,0.0197,0.0147,0.0099,0.0057,0.0017,-0.0019,-0.0054,-0.0087,-0.0114,-0.0133,-0.0141,-0.0135,-0.0112,-0.0072,-0.0015,0.0054,0.0127,0.0197,0.0258,0.0305,0.0334,0.0346,0.0341,0.0322,0.029,0.0243,0.0179,0.0098,0,-0.0105,-0.0204,-0.0281,-0.0328,-0.034,-0.0317,-0.0261,-0.0175,-0.0059,0.0081,0.0233,0.0375,0.0476,0.0513,0.0481,0.0402,0.0306,0.0221,0.0165,0.0142,0.0145,0.0163,0.0186,0.0203,0.0202,0.0176,0.0121,0.0036,-0.007,-0.0184,-0.0291,-0.0377,-0.0432,-0.0456,-0.0454,-0.0429,-0.0386,-0.0329,-0.0263,-0.0194,-0.0126,-0.0065,-0.0015,0.002,0.0044,0.0066,0.0078,0.0078,0.0078,0.0078,0.0078,0.0078,0.0078,0.0078
39,0.0358,0.0322,0.0284,0.0241,0.0195,0.0147,0.0102,0.0061,0.0023,-0.0013,-0.0047,-0.0078,-0.0105,-0.0124,-0.0132,-0.0127,-0.0105,-0.0065,-0.0009,0.0059,0.0131,0.02,0.026,0.0306,0.0336,0.0349,0.0348,0.0334,0.0306,0.0264,0.0206,0.013,0.0038,-0.0061,-0.0155,-0.0232,-0.0282,-0.0303,-0.0292,-0.0251,-0.0179,-0.0077,0.0051,0.0193,0.0327,0.0425,0.0462,0.0435,0.0364,0.0278,0.0203,0.0157,0.0142,0.0153,0.0178,0.0207,0.0229,0.0233,0.021,0.0157,0.0074,-0.0029,-0.0142,-0.0249,-0.0337,-0.0397,-0.043,-0.0433,-0.0414,-0.0376,-0.0324,-0.0263,-0.0197,-0.0132,-0.0073,-0.0023,0.0012,0.0037,0.006,0.0078,0.0078,0.0078,0.0078,0.0078,0.0078,0.0078,0.0078
40,0.0339,0.0308,0.0274,0.0235,0.0192,0.0147,0.0104,0.0065,0.0029,-0.0005,-0.0038,-0.0069,-0.0095,-0.0114,-0.0122,-0.0117,-0.0096,-0.0058,-0.0003,0.0063,0.0134,0.0201,0.026,0.0305,0.0335,0.035,0.0352,0.0342,0.0319,0.0282,0.0229,0.016,0.0076,-0.0016,-0.0103,-0.0177,-0.023,-0.0258,-0.0259,-0.0232,-0.0176,-0.009,0.0025,0.0156,0.028,0.0372,0.0408,0.0386,0.0323,0.0246,0.0181,0.0143,0.0137,0.0155,0.0186,0.0222,0.0249,0.0258,0.0239,0.019,0.0111,0.0011,-0.0097,-0.0201,-0.029,-0.0354,-0.0396,-0.0404,-0.039,-0.0359,-0.0313,-0.0257,-0.0197,-0.0135,-0.0078,-0.003,0.0004,0.003,0.0054,0.0075,0.0078,0.0078,0.0078,0.0078,0.0078,0.0078,0.0078
41,0.0321,0.0293,0.0262,0.0228,0.0188,0.0146,0.0106,0.0069,0.0035,0.0002,-0.0029,-0.0059,-0.0084,-0.0103,-0.0111,-0.0107,-0.0087,-0.0051,0.0002,0.0066,0.0135,0.02,0.0257,0.0302,0.0333,0.035,0.0354,0.0346,0.0327,0.0295,0.0249,0.0187,0.0112,0.003,-0.005,-0.012,-0.0174,-0.0208,-0.022,-0.0206,-0.0165,-0.0094,0.0005,0.0123,0.0236,0.032,0.0354,0.0335,0.028,0.0213,0.0157,0.0127,0.0127,0.0151,0.0188,0.0229,0.0261,0.0274,0.026,0.0217,0.0144,0.0051,-0.0052,-0.0152,-0.0239,-0.0307,-0.0355,-0.0367,-0.0359,-0.0335,-0.0296,-0.0247,-0.0193,-0.0136,-0.0083,-0.0037,-0.0002,0.0024,0.0048,0.007,0.0078,0.0078,0.0078,0.0078,0.0078,0.0078,0.0078
42,0.0302,0.0277,0.025,0.0219,0.0183,0.0144,0.0107,0.0072,0.004,0.0008,-0.0021,-0.0049,-0.0073,-0.0091,-0.0099,-0.0096,-0.0077,-0.0043,0.0007,0.0068,0.0134,0.0197,0.0253,0.0298,0.0329,0.0347,0.0353,0.0348,0.0331,0.0304,0.0264,0.021,0.0145,0.0072,0,-0.0065,-0.0119,-0.0157,-0.0177,-0.0174,-0.0146,-0.0089,-0.0005,0.0097,0.0197,0.0271,0.0301,0.0285,0.0236,0.0178,0.0131,0.0109,0.0115,0.0143,0.0185,0.0229,0.0265,0.0282,0.0273,0.0236,0.0171,0.0087,-0.0008,-0.0102,-0.0187,-0.0256,-0.0309,-0.0324,-0.0322,-0.0304,-0.0274,-0.0232,-0.0185,-0.0134,-0.0085,-0.0042,-0.0008,0.0018,0.0043,0.0066,0.0078,0.0078,0.0078,0.0078,0.0078,0.0078,0.0078
43,0.0285,0.0262,0.0238,0.0209,0.0176,0.0141,0.0106,0.0073,0.0043,0.0013,-0.0014,-0.004,-0.0063,-0.0079,-0.0087,-0.0083,-0.0066,-0.0034,0.0013,0.007,0.0132,0.0192,0.0247,0.0292,0.0324,0.0343,0.035,0.0346,0.0332,0.0308,0.0274,0.023,0.0174,0.0111,0.0047,-0.0014,-0.0066,-0.0107,-0.0131,-0.0137,-0.0119,-0.0075,-0.0006,0.008,0.0165,0.0228,0.0252,0.0236,0.0193,0.0143,0.0105,0.009,0.0101,0.0133,0.0176,0.0223,0.0261,0.0282,0.0278,0.0248,0.0192,0.0117,0.0032,-0.0055,-0.0136,-0.0204,-0.0259,-0.0277,-0.028,-0.0269,-0.0246,-0.0213,-0.0173,-0.0129,-0.0085,-0.0045,-0.0013,0.0013,0.0038,0.0061,0.0078,0.0078,0.0078,0.0078,0.0078,0.0078,0.0078
44,0.0269,0.0248,0.0225,0.0199,0.0168,0.0136,0.0103,0.0073,0.0044,0.0017,-0.0009,-0.0033,-0.0053,-0.0067,-0.0074,-0.007,-0.0054,-0.0024,0.002,0.0073,0.013,0.0187,0.024,0.0285,0.0317,0.0337,0.0345,0.0342,0.033,0.0309,0.0281,0.0244,0.0198,0.0144,0.0087,0.0032,-0.0018,-0.0059,-0.0086,-0.0096,-0.0086,-0.0052,0.0003,0.0073,0.0141,0.0191,0.0209,0.0192,0.0153,0.011,0.0078,0.0069,0.0084,0.0119,0.0164,0.0211,0.0251,0.0273,0.0274,0.0251,0.0205,0.0141,0.0066,-0.0013,-0.0088,-0.0153,-0.0208,-0.0227,-0.0234,-0.023,-0.0214,-0.0189,-0.0157,-0.012,-0.0082,-0.0047,-0.0017,0.0009,0.0034,0.0058,0.0078,0.0078,0.0078,0.0078,0.0078,0.0078,0.0078
45,0.0254,0.0233,0.0212,0.0188,0.016,0.013,0.0099,0.0071,0.0043,0.0018,-0.0005,-0.0026,-0.0044,-0.0056,-0.0061,-0.0056,-0.004,-0.0012,0.0028,0.0077,0.013,0.0183,0.0233,0.0277,0.031,0.033,0.0337,0.0335,0.0324,0.0308,0.0285,0.0255,0.0216,0.0171,0.0121,0.0071,0.0025,-0.0014,-0.0041,-0.0054,-0.0048,-0.0023,0.002,0.0074,0.0126,0.0163,0.0173,0.0154,0.0118,0.0079,0.0053,0.0049,0.0066,0.0102,0.0148,0.0195,0.0234,0.0259,0.0264,0.0248,0.0211,0.0157,0.0092,0.0023,-0.0045,-0.0105,-0.0157,-0.0177,-0.0187,-0.0188,-0.0179,-0.0162,-0.0138,-0.0109,-0.0077,-0.0046,-0.0019,0.0006,0.0031,0.0054,0.0076,0.0078,0.0078,0.0078,0.0078,0.0078,0.0078
46,0.024,0.022,0.02,0.0177,0.0151,0.0123,0.0095,0.0067,0.0042,0.0018,-0.0002,-0.0021,-0.0036,-0.0045,-0.0048,-0.0042,-0.0026,0.0001,0.0038,0.0082,0.0131,0.018,0.0227,0.0269,0.0301,0.032,0.0328,0.0326,0.0317,0.0303,0.0285,0.0261,0.0229,0.0191,0.0148,0.0104,0.0062,0.0027,0.0002,-0.0011,-0.0008,0.001,0.0042,0.0082,0.012,0.0145,0.0147,0.0126,0.009,0.0054,0.003,0.0028,0.0046,0.0082,0.0128,0.0174,0.0214,0.024,0.0249,0.0238,0.0209,0.0165,0.011,0.005,-0.0009,-0.0062,-0.0109,-0.0129,-0.0141,-0.0146,-0.0143,-0.0133,-0.0116,-0.0094,-0.0069,-0.0043,-0.0019,0.0004,0.0028,0.0051,0.0073,0.0078,0.0078,0.0078,0.0078,0.0078,0.0078
47,0.0226,0.0207,0.0188,0.0167,0.0143,0.0116,0.0089,0.0063,0.0039,0.0018,0,-0.0017,-0.0029,-0.0035,-0.0036,-0.0029,-0.0012,0.0014,0.0048,0.0089,0.0134,0.0179,0.0222,0.0261,0.0291,0.0309,0.0316,0.0315,0.0308,0.0297,0.0283,0.0263,0.0237,0.0204,0.0167,0.013,0.0094,0.0064,0.0042,0.0031,0.0031,0.0044,0.0066,0.0095,0.0122,0.0137,0.0133,0.0108,0.0071,0.0034,0.0011,0.0008,0.0026,0.006,0.0105,0.0151,0.0191,0.0218,0.0229,0.0223,0.0201,0.0165,0.0119,0.0069,0.002,-0.0025,-0.0064,-0.0083,-0.0096,-0.0104,-0.0106,-0.0102,-0.0092,-0.0077,-0.0058,-0.0038,-0.0017,0.0004,0.0027,0.0049,0.0071,0.0078,0.0078,0.0078,0.0078,0.0078,0.0078
48,0.0213,0.0196,0.0178,0.0158,0.0135,0.0109,0.0083,0.0058,0.0036,0.0017,0.0001,-0.0013,-0.0023,-0.0027,-0.0026,-0.0017,0,0.0026,0.0059,0.0098,0.0138,0.0179,0.0219,0.0254,0.028,0.0297,0.0303,0.0303,0.0298,0.0289,0.0277,0.0261,0.0239,0.0212,0.0181,0.015,0.0121,0.0097,0.0079,0.0069,0.0068,0.0076,0.0092,0.0112,0.013,0.0138,0.0128,0.01,0.0061,0.0023,-0.0003,-0.0009,0.0005,0.0038,0.0081,0.0126,0.0166,0.0194,0.0207,0.0205,0.0187,0.0158,0.0121,0.008,0.004,0.0005,-0.0024,-0.0041,-0.0055,-0.0065,-0.007,-0.0071,-0.0067,-0.0058,-0.0045,-0.003,-0.0013,0.0006,0.0027,0.0048,0.0069,0.0078,0.0078,0.0078,0.0078,0.0078,0.0078
49,0.0201,0.0185,0.0169,0.015,0.0128,0.0103,0.0078,0.0054,0.0034,0.0016,0.0002,-0.001,-0.0018,-0.0021,-0.0018,-0.0007,0.0011,0.0037,0.0069,0.0106,0.0144,0.0182,0.0218,0.0249,0.0271,0.0285,0.0291,0.029,0.0286,0.0279,0.0269,0.0256,0.0237,0.0214,0.0189,0.0164,0.0143,0.0125,0.0112,0.0104,0.0102,0.0106,0.0116,0.013,0.0142,0.0145,0.0132,0.0101,0.006,0.0019,-0.0011,-0.0022,-0.0012,0.0017,0.0057,0.0101,0.014,0.0169,0.0183,0.0183,0.0169,0.0145,0.0114,0.0083,0.0053,0.0028,0.0009,-0.0006,-0.0018,-0.0029,-0.0037,-0.0042,-0.0042,-0.0038,-0.003,-0.0019,-0.0006,0.0009,0.0028,0.0048,0.0069,0.0078,0.0078,0.0078,0.0078,0.0078,0.0078
50,0.019,0.0176,0.0161,0.0143,0.0122,0.0097,0.0073,0.0051,0.0032,0.0016,0.0003,-0.0008,-0.0014,-0.0016,-0.0012,0,0.0019,0.0045,0.0078,0.0113,0.015,0.0186,0.0219,0.0246,0.0265,0.0275,0.0279,0.0278,0.0275,0.0268,0.0259,0.0247,0.0231,0.0212,0.0192,0.0175,0.016,0.0149,0.014,0.0135,0.0132,0.0133,0.0139,0.0149,0.0157,0.0157,0.0142,0.0109,0.0066,0.0022,-0.0012,-0.0028,-0.0023,0,0.0036,0.0078,0.0115,0.0143,0.0158,0.0158,0.0147,0.0127,0.0103,0.0079,0.0059,0.0044,0.0034,0.0023,0.0012,0.0002,-0.0007,-0.0014,-0.0018,-0.0018,-0.0014,-0.0007,0.0002,0.0015,0.0031,0.0049,0.0068,0.0078,0.0078,0.0078,0.0078,0.0078,0.0078
51,0.0181,0.0168,0.0154,0.0137,0.0116,0.0093,0.0069,0.0048,0.003,0.0016,0.0004,-0.0006,-0.0012,-0.0013,-0.0008,0.0004,0.0024,0.0051,0.0083,0.0119,0.0156,0.0191,0.0221,0.0245,0.0261,0.0269,0.027,0.0268,0.0263,0.0256,0.0247,0.0235,0.0222,0.0207,0.0193,0.0181,0.0173,0.0167,0.0163,0.0159,0.0157,0.0156,0.016,0.0167,0.0173,0.0171,0.0154,0.0122,0.0078,0.0033,-0.0004,-0.0026,-0.0027,-0.0009,0.0021,0.0058,0.0092,0.0117,0.0131,0.0132,0.0121,0.0105,0.0087,0.007,0.0058,0.0052,0.0051,0.0044,0.0036,0.0027,0,0,0,0,0.0003,0.0006,0.0013,0.0022,0.0036,0.0052,0.0069,0.0078,0.0078,0.0078,0.0078,0.0078,0.0078
52,0.0174,0.0162,0.0149,0.0132,0.0111,0.0088,0.0065,0.0046,0.0029,0.0016,0.0004,-0.0005,-0.0011,-0.0012,-0.0008,0.0005,0.0025,0.0052,0.0086,0.0123,0.016,0.0195,0.0225,0.0247,0.026,0.0266,0.0264,0.0259,0.0251,0.0242,0.0233,0.0222,0.021,0.02,0.0191,0.0185,0.0182,0.018,0.018,0.0178,0.0177,0.0176,0.0178,0.0184,0.0188,0.0184,0.0168,0.0136,0.0093,0.0049,0.0011,-0.0014,-0.002,-0.001,0.0013,0.0043,0.0071,0.0092,0.0103,0.0104,0.0095,0.0082,0.0068,0.0058,0.0052,0.0053,0.0059,0.0056,0.0052,0.0046,0,0,0,0,0.0019,0.002,0.0024,0.0031,0.0042,0.0055,0.0071,0.0078,0.0078,0.0078,0.0078,0.0078,0.0078
53,0.0169,0.0157,0.0143,0.0127,0.0107,0.0084,0.0063,0.0044,0.0029,0.0016,0.0005,-0.0005,-0.0011,-0.0013,-0.0009,0.0003,0.0023,0.0051,0.0085,0.0124,0.0163,0.0199,0.0229,0.0251,0.0263,0.0266,0.0262,0.0253,0.0241,0.0229,0.0218,0.0207,0.0198,0.0191,0.0187,0.0185,0.0187,0.0189,0.0191,0.0192,0.0192,0.0192,0.0194,0.0198,0.0201,0.0196,0.018,0.015,0.0111,0.0069,0.0032,0.0006,-0.0004,-0.0001,0.0013,0.0034,0.0054,0.0069,0.0076,0.0076,0.0068,0.0057,0.0048,0.0042,0.0042,0.0049,0.006,0.0061,0.006,0.0058,0,0,0,0,0.0036,0.0035,0.0036,0.0041,0.0049,0.006,0.0074,0.0078,0.0078,0.0078,0.0078,0.0078,0.0078
54,0.0165,0.0152,0.0139,0.0122,0.0102,0.008,0.006,0.0042,0.0028,0.0015,0.0004,-0.0006,-0.0013,-0.0015,-0.0012,-0.0001,0.0019,0.0047,0.0083,0.0123,0.0163,0.0201,0.0233,0.0256,0.0268,0.0269,0.0262,0.0249,0.0233,0.0217,0.0204,0.0193,0.0186,0.0182,0.0181,0.0184,0.0188,0.0193,0.0198,0.0201,0.0203,0.0204,0.0207,0.021,0.0211,0.0206,0.019,0.0163,0.0129,0.0092,0.0059,0.0033,0.002,0.0016,0.0022,0.0032,0.0042,0.005,0.0053,0.005,0.0042,0.0033,0.0027,0.0024,0.0028,0.0039,0.0054,0.0058,0.0062,0.0063,0,0,0,0,0.0051,0.0049,0.0049,0.0051,0.0057,0.0066,0.0078,0.0078,0.0078,0.0078,0.0078,0.0078,0.0078
55,0.0161,0.0148,0.0134,0.0116,0.0096,0.0075,0.0056,0.004,0.0026,0.0014,0.0002,-0.0008,-0.0015,-0.0018,-0.0016,-0.0005,0.0014,0.0043,0.0079,0.012,0.0163,0.0203,0.0237,0.0261,0.0273,0.0274,0.0264,0.0247,0.0226,0.0207,0.0191,0.018,0.0174,0.0172,0.0175,0.018,0.0187,0.0194,0.02,0.0206,0.0209,0.0213,0.0216,0.0219,0.0219,0.0213,0.0199,0.0176,0.0147,0.0116,0.0087,0.0065,0.0049,0.004,0.0037,0.0037,0.0038,0.0037,0.0034,0.0028,0.0019,0.0011,0.0006,0.0005,0.0012,0.0025,0.0043,0.005,0.0057,0.0063,0,0,0,0,0.0065,0.0062,0.0061,0.0061,0.0065,0.0073,0.0078,0.0078,0.0078,0.0078,0.0078,0.0078,0.0078
56,0.0157,0.0143,0.0128,0.011,0.009,0.007,0.0051,0.0035,0.0022,0.001,-0.0001,-0.0011,-0.0019,-0.0022,-0.0019,-0.0009,0.001,0.0039,0.0076,0.0118,0.0162,0.0203,0.0239,0.0264,0.0278,0.0277,0.0266,0.0246,0.0222,0.0199,0.0181,0.0169,0.0163,0.0163,0.0167,0.0175,0.0183,0.0192,0.02,0.0207,0.0213,0.0217,0.0221,0.0224,0.0223,0.0218,0.0206,0.0187,0.0164,0.014,0.0117,0.0097,0.0081,0.0068,0.0058,0.0049,0.0041,0.0032,0.0022,0.0012,0,-0.0009,-0.0015,-0.0014,-0.0006,0.0008,0.0028,0.0037,0.0047,0.0057,0,0,0,0,0.0076,0.0075,0.0073,0.0072,0.0074,0.0078,0.0078,0.0078,0.0078,0.0078,0.0078,0.0078,0.0078
57,0.0152,0.0137,0.0121,0.0103,0.0083,0.0063,0.0045,0.003,0.0017,0.0005,-0.0006,-0.0016,-0.0023,-0.0026,-0.0023,-0.0012,0.0008,0.0037,0.0074,0.0116,0.016,0.0202,0.0239,0.0265,0.0279,0.0279,0.0267,0.0246,0.0221,0.0195,0.0175,0.0161,0.0154,0.0154,0.0159,0.0168,0.0178,0.0188,0.0197,0.0206,0.0213,0.0218,0.0223,0.0225,0.0225,0.0221,0.0211,0.0197,0.018,0.0162,0.0144,0.0128,0.0113,0.0098,0.0083,0.0067,0.0051,0.0035,0.0019,0.0002,-0.0013,-0.0026,-0.0033,-0.0033,-0.0025,-0.001,0.0011,0.0021,0.0034,0.0048,0,0,0,0,0.0078,0.0078,0.0078,0.0078,0.0078,0.0078,0.0078,0.0078,0.0078,0.0078,0.0078,0.0078,0.0078
58,0.0146,0.013,0.0113,0.0094,0.0074,0.0054,0.0037,0.0022,0.001,-0.0001,-0.0012,-0.0021,-0.0028,-0.0029,-0.0024,-0.0012,0.0008,0.0037,0.0074,0.0115,0.0159,0.02,0.0236,0.0263,0.0278,0.0279,0.0267,0.0247,0.0221,0.0194,0.0172,0.0157,0.0148,0.0147,0.0152,0.0161,0.0172,0.0183,0.0193,0.0203,0.0211,0.0216,0.022,0.0223,0.0224,0.0222,0.0216,0.0207,0.0195,0.0182,0.0169,0.0156,0.0142,0.0127,0.011,0.009,0.0069,0.0046,0.0024,0.0001,-0.0021,-0.0038,-0.0048,-0.005,-0.0043,-0.0028,-0.0007,0.0004,0.0019,0.0035,0,0,0,0,0.0078,0.0078,0.0078,0.0078,0.0078,0.0078,0.0078,0.0078,0.0078,0.0078,0.0078,0.0078,0.0078
59,0.0138,0.0121,0.0104,0.0085,0.0065,0.0045,0.0028,0.0014,0.0002,-0.0009,-0.0019,-0.0027,-0.0032,-0.0031,-0.0025,-0.0011,0.001,0.0039,0.0075,0.0115,0.0157,0.0197,0.0232,0.0258,0.0273,0.0275,0.0265,0.0246,0.0222,0.0195,0.0172,0.0154,0.0144,0.0141,0.0145,0.0154,0.0165,0.0177,0.0189,0.0198,0.0206,0.0211,0.0215,0.0218,0.022,0.0221,0.022,0.0215,0.0208,0.02,0.019,0.018,0.0168,0.0154,0.0137,0.0116,0.0091,0.0064,0.0036,0.0007,-0.0021,-0.0044,-0.0059,-0.0064,-0.0058,-0.0043,-0.0023,-0.0012,0.0004,0.0022,0,0,0,0,0.0078,0.0078,0.0078,0.0078,0.0078,0.0078,0.0078,0.0078,0.0078,0.0078,0.0078,0.0078,0.0078
60,0.0129,0.0112,0.0093,0.0074,0.0054,0.0035,0.0018,0.0005,-0.0007,-0.0017,-0.0026,-0.0032,-0.0035,-0.0033,-0.0024,-0.0008,0.0014,0.0043,0.0078,0.0116,0.0155,0.0192,0.0225,0.0251,0.0265,0.0268,0.0261,0.0244,0.0222,0.0197,0.0174,0.0154,0.0142,0.0137,0.0139,0.0148,0.0159,0.0171,0.0183,0.0193,0.02,0.0204,0.0208,0.0211,0.0215,0.0219,0.0222,0.0222,0.0219,0.0214,0.0208,0.02,0.0191,0.0179,0.0163,0.0142,0.0116,0.0087,0.0054,0.0019,-0.0015,-0.0044,-0.0064,-0.0072,-0.0068,-0.0056,-0.0036,-0.0027,-0.0011,0.0009,0,0,0,0,0.0078,0.0078,0.0078,0.0078,0.0078,0.0078,0.0078,0.0078,0.0078,0.0078,0.0078,0.0078,0.0078
61,0.0119,0.0101,0.0083,0.0064,0.0044,0.0025,0.0008,-0.0005,-0.0016,-0.0025,-0.0032,-0.0037,-0.0037,-0.0032,-0.0021,-0.0004,0.0019,0.0047,0.008,0.0116,0.0152,0.0186,0.0217,0.0241,0.0255,0.0259,0.0254,0.0241,0.0221,0.0199,0.0176,0.0156,0.0141,0.0135,0.0136,0.0143,0.0154,0.0166,0.0178,0.0187,0.0193,0.0196,0.0199,0.0203,0.0209,0.0216,0.0222,0.0226,0.0228,0.0226,0.0222,0.0217,0.021,0.02,0.0186,0.0167,0.0142,0.0111,0.0075,0.0036,-0.0003,-0.0037,-0.0062,-0.0074,-0.0073,-0.0063,-0.0047,-0.0038,-0.0023,-0.0003,0,0,0,0,0.0078,0.0078,0.0078,0.0078,0.0078,0.0078,0.0078,0.0078,0.0078,0.0078,0.0078,0.0078,0.0078
62,0.0109,0.009,0.0072,0.0053,0.0033,0.0015,-0.0001,-0.0013,-0.0023,-0.0031,-0.0037,-0.004,-0.0038,-0.0031,-0.0018,0,0.0024,0.0051,0.0082,0.0115,0.0148,0.0179,0.0207,0.023,0.0244,0.0249,0.0245,0.0235,0.0219,0.0199,0.0177,0.0157,0.0143,0.0135,0.0135,0.0141,0.0151,0.0162,0.0173,0.018,0.0185,0.0187,0.0189,0.0194,0.0201,0.0211,0.0221,0.0229,0.0233,0.0235,0.0234,0.0231,0.0227,0.0219,0.0207,0.019,0.0165,0.0134,0.0098,0.0057,0.0014,-0.0024,-0.0052,-0.0068,-0.0072,-0.0065,-0.0052,-0.0046,-0.0033,-0.0013,0,0,0,0,0.0078,0.0078,0.0078,0.0078,0.0078,0.0078,0.0078,0.0078,0.0078,0.0078,0.0078,0.0078,0.0078
63,0.0098,0.008,0.0062,0.0043,0.0024,0.0006,-0.0009,-0.002,-0.0029,-0.0036,-0.004,-0.0041,-0.0037,-0.0028,-0.0014,0.0005,0.0028,0.0054,0.0083,0.0113,0.0143,0.0171,0.0197,0.0218,0.0231,0.0237,0.0235,0.0227,0.0214,0.0196,0.0177,0.0159,0.0144,0.0136,0.0135,0.014,0.0149,0.0159,0.0168,0.0174,0.0177,0.0178,0.018,0.0185,0.0193,0.0205,0.0217,0.0228,0.0236,0.0241,0.0243,0.0242,0.024,0.0235,0.0225,0.0209,0.0186,0.0156,0.012,0.0078,0.0035,-0.0005,-0.0036,-0.0056,-0.0064,-0.0062,-0.0053,-0.005,-0.0038,-0.002,0,0,0,0,0.0078,0.0078,0.0078,0.0078,0.0078,0.0078,0.0078,0.0078,0.0078,0.0078,0.0078,0.0078,0.0078
64,0.0089,0.0071,0.0053,0.0034,0.0016,-0.0001,-0.0015,-0.0026,-0.0034,-0.0039,-0.0042,-0.0041,-0.0036,-0.0025,-0.0011,0.0009,0.0031,0.0056,0.0083,0.011,0.0137,0.0163,0.0187,0.0206,0.0219,0.0225,0.0224,0.0218,0.0206,0.0191,0.0175,0.0159,0.0146,0.0138,0.0137,0.0141,0.0149,0.0158,0.0165,0.0169,0.017,0.017,0.0171,0.0176,0.0185,0.0198,0.0212,0.0226,0.0237,0.0244,0.0249,0.0252,0.0251,0.0248,0.0239,0.0225,0.0203,0.0175,0.014,0.01,0.0057,0.0017,-0.0016,-0.0038,-0.005,-0.0053,-0.0049,-0.0048,-0.0039,-0.0024,-0.0003,0,0,0,0.0078,0.0078,0.0078,0.0078,0.0078,0.0078,0.0078,0.0078,0.0078,0.0078,0.0078,0.0078,0.0078
65,0.0082,0.0064,0.0046,0.0028,0.001,-0.0007,-0.002,-0.003,-0.0036,-0.0041,-0.0042,-0.004,-0.0034,-0.0023,-0.0008,0.0011,0.0032,0.0056,0.008,0.0106,0.0131,0.0155,0.0177,0.0195,0.0207,0.0212,0.0212,0.0207,0.0197,0.0185,0.0171,0.0158,0.0147,0.0141,0.014,0.0143,0.015,0.0157,0.0163,0.0165,0.0165,0.0163,0.0163,0.0167,0.0176,0.0189,0.0205,0.022,0.0234,0.0245,0.0253,0.0258,0.026,0.0258,0.0251,0.0237,0.0217,0.0191,0.0158,0.012,0.0079,0.004,0.0007,-0.0017,-0.0032,-0.0039,-0.004,-0.0042,-0.0036,-0.0023,-0.0005,0,0,0,0.0078,0.0078,0.0078,0.0078,0.0078,0.0078,0.0078,0.0078,0.0078,0.0078,0.0078,0.0078,0.0078
66,0.0077,0.0059,0.0041,0.0023,0.0006,-0.001,-0.0022,-0.0031,-0.0037,-0.004,-0.0041,-0.0038,-0.0031,-0.002,-0.0006,0.0012,0.0032,0.0053,0.0076,0.01,0.0124,0.0147,0.0167,0.0184,0.0196,0.0201,0.02,0.0195,0.0187,0.0176,0.0165,0.0154,0.0146,0.0142,0.0142,0.0146,0.0152,0.0158,0.0162,0.0163,0.0161,0.0158,0.0157,0.016,0.0168,0.0181,0.0196,0.0213,0.023,0.0244,0.0255,0.0263,0.0267,0.0266,0.026,0.0247,0.0228,0.0203,0.0172,0.0137,0.01,0.0063,0.0031,0.0006,-0.0012,-0.0022,-0.0027,-0.0031,-0.0028,-0.0019,-0.0004,0,0,0,0.0074,0.0078,0.0078,0.0078,0.0078,0.0078,0.0078,0.0078,0.0078,0.0078,0.0078,0.0078,0.0078
67,0.0075,0.0057,0.0039,0.0021,0.0004,-0.0011,-0.0023,-0.0031,-0.0036,-0.0039,-0.0039,-0.0036,-0.0029,-0.0018,-0.0005,0.0011,0.0029,0.005,0.0072,0.0094,0.0117,0.0139,0.0159,0.0175,0.0185,0.019,0.0189,0.0184,0.0176,0.0166,0.0157,0.015,0.0144,0.0142,0.0144,0.0149,0.0155,0.016,0.0163,0.0163,0.0159,0.0154,0.0152,0.0153,0.016,0.0172,0.0187,0.0205,0.0224,0.0241,0.0255,0.0266,0.0272,0.0272,0.0266,0.0254,0.0236,0.0213,0.0184,0.0152,0.0117,0.0083,0.0052,0.0027,0.0009,-0.0003,-0.001,-0.0016,-0.0016,-0.001,0,0,0,0,0.0069,0.0078,0.0078,0.0078,0.0078,0.0078,0.0078,0.0078,0.0078,0.0078,0.0078,0.0078,0.0078
68,0.0076,0.0058,0.004,0.0022,0.0005,-0.001,-0.0021,-0.0029,-0.0034,-0.0036,-0.0036,-0.0033,-0.0027,-0.0018,-0.0006,0.0008,0.0026,0.0045,0.0066,0.0088,0.0111,0.0132,0.0151,0.0167,0.0176,0.018,0.0178,0.0172,0.0165,0.0156,0.0149,0.0143,0.014,0.0141,0.0144,0.0151,0.0157,0.0163,0.0165,0.0164,0.0159,0.0153,0.0148,0.0148,0.0153,0.0163,0.0178,0.0196,0.0216,0.0235,0.0252,0.0266,0.0274,0.0276,0.0271,0.026,0.0243,0.022,0.0193,0.0163,0.0131,0.0099,0.0071,0.0047,0.0029,0.0017,0.0009,0.0001,-0.0001,0.0001,0,0,0,0,0.0065,0.0078,0.0078,0.0078,0.0078,0.0078,0.0078,0.0078,0.0078,0.0078,0.0078,0.0078,0.0078
69,0.0079,0.0061,0.0042,0.0024,0.0007,-0.0007,-0.0018,-0.0026,-0.003,-0.0033,-0.0033,-0.0031,-0.0026,-0.0018,-0.0008,0.0005,0.0021,0.004,0.0061,0.0083,0.0105,0.0126,0.0145,0.016,0.0168,0.0171,0.0168,0.0162,0.0154,0.0146,0.014,0.0135,0.0134,0.0137,0.0143,0.0151,0.0159,0.0165,0.0168,0.0166,0.016,0.0152,0.0146,0.0144,0.0147,0.0155,0.0168,0.0186,0.0207,0.0229,0.0248,0.0264,0.0275,0.0278,0.0274,0.0264,0.0247,0.0226,0.02,0.0171,0.0141,0.0112,0.0085,0.0063,0.0047,0.0035,0.0028,0.002,0.0015,0.0014,0,0,0,0,0.0061,0.0074,0.0078,0.0078,0.0078,0.0078,0.0078,0.0078,0.0078,0.0078,0.0078,0.0078,0.0078
70,0.0084,0.0065,0.0047,0.0029,0.0012,-0.0003,-0.0014,-0.0022,-0.0027,-0.0029,-0.003,-0.0029,-0.0025,-0.0019,-0.001,0.0002,0.0017,0.0035,0.0056,0.0078,0.01,0.0121,0.014,0.0154,0.0162,0.0163,0.016,0.0152,0.0144,0.0136,0.013,0.0127,0.0127,0.0132,0.014,0.015,0.016,0.0167,0.017,0.0168,0.0161,0.0153,0.0145,0.0141,0.0142,0.0148,0.016,0.0177,0.0198,0.0221,0.0242,0.0261,0.0273,0.0278,0.0276,0.0266,0.0251,0.023,0.0205,0.0177,0.0148,0.0121,0.0096,0.0076,0.0061,0.0052,0.0046,0.0038,0.0032,0.0029,0,0,0,0,0.0059,0.007,0.0078,0.0078,0.0078,0.0078,0.0078,0.0078,0.0078,0.0078,0.0078,0.0078,0.0078
71,0.009,0.0071,0.0052,0.0034,0.0017,0.0003,-0.0009,-0.0017,-0.0022,-0.0026,-0.0027,-0.0028,-0.0025,-0.0021,-0.0013,-0.0002,0.0013,0.0031,0.0052,0.0074,0.0096,0.0117,0.0136,0.0149,0.0156,0.0157,0.0152,0.0144,0.0135,0.0126,0.012,0.0118,0.0119,0.0126,0.0135,0.0147,0.0159,0.0167,0.0171,0.0169,0.0163,0.0154,0.0145,0.0139,0.0138,0.0142,0.0152,0.0169,0.0189,0.0213,0.0236,0.0255,0.027,0.0277,0.0276,0.0268,0.0253,0.0232,0.0208,0.018,0.0153,0.0126,0.0103,0.0085,0.0073,0.0065,0.0061,0.0054,0.0048,0.0043,0,0,0,0,0.0058,0.0067,0.0076,0.0078,0.0078,0.0078,0.0078,0.0078,0.0078,0.0078,0.0078,0.0078,0.0078
72,0.0096,0.0077,0.0058,0.004,0.0023,0.0008,-0.0003,-0.0012,-0.0018,-0.0023,-0.0025,-0.0027,-0.0026,-0.0022,-0.0015,-0.0005,0.001,0.0028,0.0049,0.0071,0.0094,0.0115,0.0132,0.0145,0.0151,0.0151,0.0146,0.0137,0.0127,0.0117,0.0111,0.0109,0.0111,0.0118,0.0129,0.0143,0.0156,0.0166,0.0171,0.017,0.0164,0.0155,0.0145,0.0138,0.0135,0.0137,0.0146,0.0161,0.0181,0.0204,0.0228,0.0249,0.0265,0.0274,0.0274,0.0267,0.0253,0.0233,0.0209,0.0182,0.0155,0.0129,0.0108,0.0091,0.0081,0.0075,0.0073,0.0068,0.0062,0.0057,0,0,0,0,0.0058,0.0065,0.0073,0.0078,0.0078,0.0078,0.0078,0.0078,0.0078,0.0078,0.0078,0.0078,0.0078
73,0.01,0.0082,0.0063,0.0046,0.0029,0.0014,0.0002,-0.0007,-0.0014,-0.002,-0.0024,-0.0026,-0.0026,-0.0024,-0.0017,-0.0007,0.0008,0.0026,0.0047,0.007,0.0092,0.0113,0.013,0.0142,0.0148,0.0147,0.014,0.013,0.012,0.011,0.0102,0.01,0.0102,0.011,0.0122,0.0137,0.0151,0.0163,0.0169,0.0169,0.0164,0.0155,0.0145,0.0137,0.0132,0.0134,0.0141,0.0155,0.0174,0.0196,0.022,0.0242,0.0259,0.0269,0.0272,0.0266,0.0253,0.0233,0.0209,0.0183,0.0156,0.0131,0.011,0.0095,0.0086,0.0081,0.0081,0.0078,0.0073,0.0068,0,0,0,0,0.006,0.0065,0.0071,0.0078,0.0078,0.0078,0.0078,0.0078,0.0078,0.0078,0.0078,0.0078,0.0078
74,0.0104,0.0086,0.0068,0.005,0.0034,0.002,0.0007,-0.0003,-0.0011,-0.0017,-0.0022,-0.0026,-0.0027,-0.0024,-0.0018,-0.0008,0.0007,0.0025,0.0047,0.0069,0.0091,0.0111,0.0128,0.014,0.0145,0.0143,0.0136,0.0125,0.0113,0.0102,0.0095,0.0091,0.0093,0.0101,0.0114,0.0129,0.0145,0.0157,0.0165,0.0166,0.0162,0.0153,0.0143,0.0135,0.013,0.0131,0.0137,0.0149,0.0167,0.0189,0.0212,0.0234,0.0252,0.0264,0.0267,0.0263,0.0251,0.0232,0.0208,0.0182,0.0155,0.0131,0.0111,0.0096,0.0088,0.0085,0.0086,0.0084,0.0081,0.0077,0,0,0,0,0.0063,0.0066,0.007,0.0075,0.0078,0.0078,0.0078,0.0078,0.0078,0.0078,0.0078,0.0078,0.0078
75,0.0105,0.0088,0.0071,0.0054,0.0038,0.0024,0.0012,0.0001,-0.0008,-0.0015,-0.0021,-0.0025,-0.0026,-0.0024,-0.0018,-0.0007,0.0008,0.0026,0.0047,0.0069,0.0091,0.0111,0.0127,0.0138,0.0143,0.014,0.0132,0.0121,0.0108,0.0097,0.0088,0.0083,0.0085,0.0092,0.0105,0.0121,0.0137,0.015,0.0159,0.0161,0.0158,0.015,0.0141,0.0133,0.0128,0.0128,0.0133,0.0145,0.0162,0.0182,0.0205,0.0227,0.0245,0.0257,0.0262,0.0259,0.0247,0.0229,0.0206,0.018,0.0154,0.013,0.0111,0.0097,0.0089,0.0086,0.0087,0.0087,0.0085,0.0083,0,0,0,0,0.0067,0.0068,0.007,0.0074,0.0078,0.0078,0.0078,0.0078,0.0078,0.0078,0.0078,0.0078,0.0078
76,0.0104,0.0088,0.0072,0.0056,0.0041,0.0027,0.0015,0.0004,-0.0006,-0.0014,-0.002,-0.0024,-0.0025,-0.0023,-0.0016,-0.0006,0.0009,0.0028,0.0048,0.007,0.0092,0.0111,0.0127,0.0137,0.0141,0.0138,0.013,0.0118,0.0104,0.0092,0.0082,0.0077,0.0077,0.0084,0.0096,0.0111,0.0127,0.0141,0.0151,0.0154,0.0152,0.0145,0.0137,0.013,0.0125,0.0125,0.013,0.0141,0.0157,0.0176,0.0198,0.0219,0.0238,0.025,0.0256,0.0253,0.0243,0.0225,0.0203,0.0178,0.0152,0.0129,0.011,0.0096,0.0088,0.0085,0.0086,0.0087,0.0087,0.0086,0,0,0,0,0.0072,0.0071,0.0072,0.0074,0.0078,0.0078,0.0078,0.0078,0.0078,0.0078,0.0078,0.0078,0.0078
77,0.0102,0.0087,0.0071,0.0056,0.0042,0.0028,0.0016,0.0005,-0.0004,-0.0012,-0.0019,-0.0023,-0.0024,-0.0021,-0.0014,-0.0003,0.0012,0.003,0.0051,0.0072,0.0093,0.0112,0.0127,0.0137,0.014,0.0137,0.0128,0.0116,0.0101,0.0088,0.0077,0.0071,0.007,0.0076,0.0087,0.0102,0.0117,0.0131,0.014,0.0145,0.0143,0.0138,0.0131,0.0125,0.0121,0.0121,0.0126,0.0137,0.0152,0.0171,0.0192,0.0212,0.023,0.0243,0.0249,0.0247,0.0237,0.0221,0.0199,0.0175,0.015,0.0127,0.0108,0.0094,0.0086,0.0083,0.0084,0.0085,0.0087,0.0087,0,0,0,0,0.0076,0.0075,0.0074,0.0075,0.0078,0.0078,0.0078,0.0078,0.0078,0.0078,0.0078,0.0078,0.0078
78,0.0097,0.0083,0.0069,0.0055,0.0041,0.0028,0.0016,0.0005,-0.0004,-0.0012,-0.0018,-0.0021,-0.0021,-0.0018,-0.0011,0.0001,0.0016,0.0033,0.0053,0.0074,0.0094,0.0113,0.0127,0.0137,0.014,0.0136,0.0127,0.0114,0.0099,0.0085,0.0073,0.0066,0.0064,0.0069,0.0078,0.0091,0.0106,0.0119,0.0129,0.0133,0.0133,0.0129,0.0123,0.0118,0.0116,0.0116,0.0122,0.0132,0.0147,0.0166,0.0186,0.0206,0.0223,0.0236,0.0242,0.024,0.0231,0.0215,0.0195,0.0171,0.0147,0.0125,0.0106,0.0093,0.0084,0.008,0.008,0.0082,0.0084,0.0086,0,0,0,0,0.0078,0.0078,0.0077,0.0076,0.0078,0.0078,0.0078,0.0078,0.0078,0.0078,0.0078,0.0078,0.0078
79,0.0091,0.0078,0.0065,0.0052,0.0038,0.0026,0.0014,0.0004,-0.0005,-0.0012,-0.0017,-0.0019,-0.0019,-0.0014,-0.0007,0.0005,0.002,0.0037,0.0057,0.0077,0.0097,0.0114,0.0128,0.0137,0.0139,0.0135,0.0126,0.0113,0.0098,0.0083,0.0071,0.0062,0.0059,0.0062,0.007,0.0081,0.0094,0.0106,0.0116,0.0121,0.0121,0.0118,0.0114,0.011,0.0109,0.011,0.0117,0.0127,0.0142,0.016,0.018,0.0199,0.0216,0.0228,0.0234,0.0232,0.0224,0.0209,0.0189,0.0167,0.0144,0.0122,0.0104,0.0091,0.0082,0.0077,0.0076,0.0078,0.0081,0.0083,0,0,0,0,0.0078,0.0078,0.0078,0.0078,0.0078,0.0078,0.0078,0.0078,0.0078,0.0078,0.0078,0.0078,0.0078
80,0.0084,0.0072,0.0059,0.0047,0.0034,0.0022,0.0011,0.0001,-0.0007,-0.0013,-0.0017,-0.0018,-0.0016,-0.0011,-0.0002,0.0009,0.0024,0.0042,0.0061,0.008,0.0099,0.0116,0.0129,0.0137,0.0139,0.0135,0.0126,0.0112,0.0097,0.0082,0.0069,0.006,0.0055,0.0056,0.0062,0.0071,0.0082,0.0093,0.0102,0.0107,0.0108,0.0106,0.0103,0.01,0.01,0.0103,0.011,0.0121,0.0137,0.0155,0.0174,0.0193,0.0209,0.022,0.0226,0.0224,0.0216,0.0202,0.0184,0.0162,0.014,0.012,0.0102,0.0088,0.0079,0.0074,0.0071,0.0074,0.0077,0.008,0,0,0,0,0.0078,0.0078,0.0078,0.0078,0.0078,0.0078,0.0078,0.0078,0.0078,0.0078,0.0078,0.0078,0.0078
81,0.0076,0.0064,0.0052,0.004,0.0028,0.0017,0.0006,-0.0003,-0.001,-0.0015,-0.0017,-0.0017,-0.0014,-0.0007,0.0002,0.0014,0.0029,0.0046,0.0065,0.0084,0.0102,0.0118,0.013,0.0138,0.0139,0.0135,0.0126,0.0112,0.0097,0.0082,0.0068,0.0058,0.0052,0.0051,0.0054,0.0061,0.007,0.008,0.0087,0.0092,0.0093,0.0092,0.009,0.0089,0.009,0.0094,0.0102,0.0114,0.013,0.0148,0.0168,0.0186,0.0202,0.0213,0.0218,0.0216,0.0209,0.0195,0.0178,0.0157,0.0136,0.0117,0.01,0.0086,0.0076,0.007,0.0066,0.0069,0.0072,0.0076,0,0,0,0,0.0078,0.0078,0.0078,0.0078,0.0078,0.0078,0.0078,0.0078,0.0078,0.0078,0.0078,0.0078,0.0078
82,0.0068,0.0056,0.0044,0.0033,0.0021,0.001,0,-0.0008,-0.0014,-0.0018,-0.0019,-0.0017,-0.0012,-0.0004,0.0006,0.0019,0.0034,0.0051,0.0069,0.0088,0.0105,0.012,0.0131,0.0138,0.014,0.0135,0.0126,0.0113,0.0097,0.0082,0.0068,0.0056,0.0049,0.0046,0.0047,0.0052,0.0059,0.0066,0.0072,0.0076,0.0078,0.0077,0.0077,0.0077,0.0079,0.0084,0.0093,0.0106,0.0123,0.0141,0.016,0.0179,0.0194,0.0204,0.0209,0.0208,0.0201,0.0188,0.0171,0.0152,0.0132,0.0113,0.0097,0.0083,0.0073,0.0066,0.0061,0.0064,0.0067,0.0071,0,0,0,0,0.0078,0.0078,0.0078,0.0078,0.0078,0.0078,0.0078,0.0078,0.0078,0.0078,0.0078,0.0078,0.0078
83,0.0059,0.0047,0.0036,0.0024,0.0013,0.0002,-0.0007,-0.0014,-0.0019,-0.0021,-0.0021,-0.0017,-0.0011,-0.0002,0.001,0.0024,0.0039,0.0056,0.0074,0.0092,0.0108,0.0122,0.0133,0.0139,0.014,0.0135,0.0126,0.0113,0.0098,0.0082,0.0068,0.0055,0.0047,0.0042,0.0041,0.0043,0.0048,0.0053,0.0057,0.006,0.0062,0.0062,0.0062,0.0063,0.0067,0.0073,0.0084,0.0097,0.0114,0.0133,0.0152,0.017,0.0185,0.0196,0.02,0.0199,0.0193,0.0181,0.0165,0.0147,0.0128,0.011,0.0094,0.0081,0.007,0.0062,0.0056,0.0059,0.0063,0.0067,0,0,0,0,0.0078,0.0078,0.0078,0.0078,0.0078,0.0077,0.0078,0.0078,0.0078,0.0078,0.0078,0.0078,0.0078
84,0.0049,0.0037,0.0026,0.0014,0.0003,-0.0007,-0.0015,-0.0021,-0.0025,-0.0025,-0.0023,-0.0018,-0.001,0.0001,0.0014,0.0028,0.0045,0.0062,0.0079,0.0096,0.0111,0.0124,0.0134,0.0139,0.014,0.0135,0.0126,0.0113,0.0099,0.0083,0.0068,0.0055,0.0045,0.0038,0.0035,0.0035,0.0037,0.004,0.0043,0.0045,0.0046,0.0046,0.0047,0.0049,0.0054,0.0061,0.0073,0.0087,0.0104,0.0123,0.0143,0.0161,0.0176,0.0186,0.0191,0.0191,0.0184,0.0173,0.0159,0.0141,0.0123,0.0106,0.0091,0.0078,0.0067,0.0059,0.0052,0.0054,0.0058,0.0062,0,0,0,0,0.0078,0.0078,0.0078,0.0077,0.0076,0.0075,0.0075,0.0077,0.0078,0.0078,0.0078,0.0078,0.0078
85,0.0038,0.0026,0.0015,0.0004,-0.0007,-0.0016,-0.0023,-0.0028,-0.0031,-0.003,-0.0026,-0.0019,-0.001,0.0003,0.0017,0.0033,0.0049,0.0067,0.0084,0.01,0.0114,0.0126,0.0135,0.014,0.014,0.0135,0.0126,0.0114,0.0099,0.0084,0.0069,0.0055,0.0043,0.0035,0.0029,0.0027,0.0026,0.0027,0.0028,0.0029,0.003,0.003,0.0031,0.0035,0.004,0.0049,0.0061,0.0076,0.0093,0.0113,0.0132,0.015,0.0166,0.0176,0.0182,0.0181,0.0176,0.0166,0.0152,0.0136,0.0119,0.0102,0.0087,0.0074,0.0064,0.0055,0.0047,0.005,0.0053,0.0057,0,0,0,0,0.0075,0.0076,0.0075,0.0074,0.0074,0.0073,0.0073,0.0074,0.0075,0.0078,0.0078,0.0078,0.0078
86,0.0024,0.0013,0.0003,-0.0008,-0.0018,-0.0026,-0.0032,-0.0036,-0.0037,-0.0035,-0.0029,-0.0021,-0.001,0.0004,0.002,0.0036,0.0054,0.0071,0.0088,0.0103,0.0117,0.0128,0.0136,0.014,0.014,0.0135,0.0126,0.0114,0.01,0.0085,0.007,0.0055,0.0042,0.0032,0.0024,0.0019,0.0017,0.0015,0.0015,0.0014,0.0014,0.0015,0.0016,0.002,0.0026,0.0036,0.0048,0.0064,0.0082,0.0101,0.0121,0.0139,0.0154,0.0165,0.0171,0.0172,0.0167,0.0158,0.0145,0.013,0.0114,0.0098,0.0084,0.0071,0.0061,0.0051,0.0043,0.0046,0.0049,0.0053,0,0,0,0,0.0071,0.0072,0.0072,0.0071,0.0071,0.007,0.007,0.0071,0.0072,0.0074,0.0076,0.0078,0.0078
87,0.0009,-0.0001,-0.0011,-0.002,-0.0029,-0.0036,-0.0041,-0.0043,-0.0043,-0.0039,-0.0032,-0.0022,-0.001,0.0005,0.0022,0.004,0.0058,0.0075,0.0092,0.0107,0.0119,0.013,0.0137,0.014,0.0139,0.0135,0.0126,0.0115,0.0101,0.0086,0.007,0.0055,0.0041,0.0029,0.002,0.0013,0.0008,0.0004,0.0002,0,-0.0001,-0.0001,0.0001,0.0005,0.0012,0.0022,0.0035,0.0051,0.0069,0.0088,0.0108,0.0126,0.0142,0.0153,0.016,0.0161,0.0158,0.015,0.0138,0.0124,0.0109,0.0095,0.0081,0.0069,0.0058,0.0048,0.004,0.0042,0.0045,0.0049,0,0,0,0,0.0067,0.0068,0.0069,0.0068,0.0067,0.0067,0.0067,0.0067,0.0068,0.007,0.0072,0.0075,0.0077
88,-0.0008,-0.0017,-0.0025,-0.0034,-0.0041,-0.0046,-0.005,-0.0051,-0.0048,-0.0043,-0.0035,-0.0024,-0.001,0.0007,0.0024,0.0043,0.0061,0.0079,0.0095,0.0109,0.0122,0.0131,0.0137,0.014,0.0139,0.0134,0.0126,0.0115,0.0101,0.0086,0.0071,0.0055,0.004,0.0027,0.0016,0.0006,-0.0001,-0.0006,-0.001,-0.0013,-0.0015,-0.0015,-0.0013,-0.0009,-0.0002,0.0008,0.0022,0.0038,0.0056,0.0075,0.0094,0.0113,0.0128,0.014,0.0148,0.015,0.0148,0.0141,0.0131,0.0118,0.0105,0.0091,0.0078,0.0066,0.0055,0.0046,0.0037,0.0039,0.0042,0.0045,0,0,0,0,0.0063,0.0064,0.0065,0.0064,0.0064,0.0063,0.0063,0.0063,0.0064,0.0066,0.0068,0.007,0.0073
89,-0.0028,-0.0035,-0.0041,-0.0048,-0.0053,-0.0057,-0.0058,-0.0057,-0.0054,-0.0047,-0.0037,-0.0025,-0.0009,0.0008,0.0026,0.0045,0.0064,0.0081,0.0098,0.0112,0.0123,0.0132,0.0138,0.014,0.0138,0.0134,0.0126,0.0115,0.0102,0.0087,0.0071,0.0055,0.0039,0.0025,0.0012,0.0001,-0.0008,-0.0016,-0.0021,-0.0026,-0.0028,-0.0029,-0.0027,-0.0023,-0.0016,-0.0005,0.0008,0.0024,0.0042,0.0061,0.008,0.0098,0.0114,0.0126,0.0134,0.0138,0.0137,0.0132,0.0123,0.0112,0.01,0.0087,0.0075,0.0064,0.0053,0.0044,0.0035,0.0036,0.0039,0.0042,0,0,0,0,0.0059,0.006,0.0061,0.0061,0.006,0.006,0.0059,0.006,0.006,0.0062,0.0063,0.0066,0.0068
90,-0.005,-0.0054,-0.0059,-0.0063,-0.0066,-0.0067,-0.0067,-0.0064,-0.0059,-0.005,-0.0039,-0.0025,-0.0009,0.0009,0.0028,0.0047,0.0066,0.0084,0.01,0.0113,0.0124,0.0132,0.0138,0.0139,0.0138,0.0133,0.0125,0.0114,0.0101,0.0087,0.0071,0.0054,0.0038,0.0022,0.0008,-0.0005,-0.0015,-0.0025,-0.0032,-0.0037,-0.004,-0.0042,-0.004,-0.0036,-0.0029,-0.0019,-0.0006,0.001,0.0027,0.0046,0.0065,0.0083,0.0099,0.0111,0.012,0.0125,0.0126,0.0122,0.0115,0.0106,0.0095,0.0084,0.0073,0.0062,0.0052,0.0042,0.0034,0.0035,0.0037,0.0039,0,0,0,0,0.0054,0.0056,0.0057,0.0057,0.0057,0.0056,0.0056,0.0055,0.0056,0.0057,0.0059,0.0061,0.0063
91,-0.0074,-0.0076,-0.0077,-0.0079,-0.0079,-0.0078,-0.0075,-0.007,-0.0063,-0.0053,-0.004,-0.0025,-0.0008,0.001,0.003,0.0049,0.0068,0.0085,0.0101,0.0114,0.0125,0.0133,0.0137,0.0139,0.0137,0.0132,0.0124,0.0114,0.0101,0.0087,0.0071,0.0054,0.0037,0.002,0.0005,-0.0009,-0.0022,-0.0032,-0.0041,-0.0047,-0.0052,-0.0054,-0.0053,-0.0049,-0.0042,-0.0033,-0.002,-0.0005,0.0012,0.003,0.0049,0.0066,0.0082,0.0096,0.0106,0.0112,0.0114,0.0112,0.0107,0.01,0.0091,0.0081,0.007,0.006,0.0051,0.0042,0.0034,0.0034,0.0035,0.0037,0,0,0,0,0.005,0.0052,0.0053,0.0053,0.0053,0.0053,0.0052,0.0052,0.0052,0.0053,0.0054,0.0056,0.0059
92,-0.0101,-0.0099,-0.0097,-0.0095,-0.0092,-0.0089,-0.0083,-0.0076,-0.0066,-0.0055,-0.0041,-0.0025,-0.0007,0.0012,0.0031,0.0051,0.0069,0.0086,0.0102,0.0114,0.0125,0.0132,0.0136,0.0138,0.0136,0.0131,0.0123,0.0113,0.01,0.0086,0.007,0.0053,0.0036,0.0018,0.0002,-0.0014,-0.0027,-0.0039,-0.0049,-0.0057,-0.0062,-0.0065,-0.0065,-0.0061,-0.0055,-0.0046,-0.0034,-0.002,-0.0003,0.0014,0.0032,0.0049,0.0065,0.0079,0.009,0.0097,0.0101,0.0101,0.0098,0.0093,0.0086,0.0077,0.0069,0.006,0.0051,0.0043,0.0035,0.0035,0.0035,0.0036,0,0,0,0,0.0047,0.0048,0.0049,0.0049,0.0049,0.0049,0.0049,0.0049,0.0049,0.0048,0.005,0.0052,0.0054
93,-0.0129,-0.0124,-0.0118,-0.0113,-0.0106,-0.0099,-0.0091,-0.0081,-0.0069,-0.0056,-0.004,-0.0024,-0.0005,0.0014,0.0033,0.0052,0.007,0.0087,0.0102,0.0114,0.0124,0.0131,0.0135,0.0136,0.0134,0.013,0.0122,0.0112,0.01,0.0085,0.0069,0.0052,0.0034,0.0016,-0.0001,-0.0017,-0.0032,-0.0045,-0.0056,-0.0065,-0.0071,-0.0075,-0.0075,-0.0073,-0.0068,-0.0059,-0.0048,-0.0035,-0.0019,-0.0003,0.0015,0.0032,0.0048,0.0062,0.0073,0.0082,0.0087,0.009,0.0089,0.0086,0.0081,0.0074,0.0067,0.006,0.0052,0.0045,0.0038,0.0037,0.0036,0.0036,0,0,0,0,0.0043,0.0044,0.0045,0.0045,0.0045,0.0045,0.0045,0.0045,0.0045,0.0045,0.0045,0.0047,0.0049
94,-0.016,-0.0151,-0.0141,-0.0131,-0.0121,-0.011,-0.0098,-0.0086,-0.0071,-0.0056,-0.004,-0.0022,-0.0003,0.0016,0.0035,0.0053,0.0071,0.0087,0.0101,0.0113,0.0123,0.0129,0.0133,0.0135,0.0133,0.0128,0.0121,0.0111,0.0098,0.0084,0.0068,0.0051,0.0033,0.0015,-0.0003,-0.002,-0.0036,-0.005,-0.0062,-0.0072,-0.0079,-0.0084,-0.0085,-0.0084,-0.008,-0.0072,-0.0062,-0.005,-0.0036,-0.002,-0.0003,0.0013,0.0029,0.0044,0.0056,0.0066,0.0073,0.0078,0.0079,0.0079,0.0076,0.0071,0.0066,0.006,0.0054,0.0048,0.0042,0.004,0.0038,0.0038,0,0,0,0,0.0039,0.004,0.0041,0.0041,0.0041,0.0042,0.0042,0.0042,0.0042,0.0042,0.0042,0.0043,0.0045
95,-0.0193,-0.0179,-0.0165,-0.015,-0.0136,-0.0121,-0.0106,-0.009,-0.0073,-0.0056,-0.0038,-0.002,-0.0001,0.0018,0.0036,0.0054,0.0071,0.0086,0.01,0.0111,0.0121,0.0127,0.0131,0.0132,0.0131,0.0126,0.0119,0.0109,0.0097,0.0083,0.0067,0.0049,0.0031,0.0013,-0.0005,-0.0023,-0.0039,-0.0054,-0.0067,-0.0078,-0.0086,-0.0092,-0.0094,-0.0094,-0.0091,-0.0085,-0.0076,-0.0065,-0.0052,-0.0038,-0.0022,-0.0006,0.001,0.0025,0.0038,0.0049,0.0058,0.0065,0.0069,0.0071,0.0071,0.0069,0.0066,0.0062,0.0057,0.0052,0.0048,0.0045,0.0042,0.004,0,0,0,0,0.0036,0.0036,0.0037,0.0037,0.0038,0.0038,0.0038,0.0038,0.0038,0.0038,0.0039,0.0039,0.004
96,-0.0184,-0.017,-0.0156,-0.0143,-0.0129,-0.0115,-0.01,-0.0085,-0.0069,-0.0053,-0.0036,-0.0019,-0.0001,0.0017,0.0034,0.0051,0.0067,0.0082,0.0095,0.0106,0.0115,0.0121,0.0125,0.0126,0.0124,0.012,0.0113,0.0104,0.0092,0.0078,0.0063,0.0047,0.003,0.0012,-0.0005,-0.0022,-0.0038,-0.0052,-0.0064,-0.0074,-0.0082,-0.0087,-0.009,-0.0089,-0.0086,-0.0081,-0.0072,-0.0062,-0.005,-0.0036,-0.0021,-0.0006,0.0009,0.0023,0.0036,0.0047,0.0056,0.0062,0.0066,0.0067,0.0067,0.0065,0.0062,0.0058,0.0054,0.005,0.0045,0.0046,0.0043,0.004,0,0,0,0,0.0034,0.0034,0.0034,0.0035,0.0035,0.0036,0.0036,0.0036,0.0036,0.0036,0.0037,0.0037,0.0038
97,-0.0174,-0.0161,-0.0148,-0.0135,-0.0122,-0.0109,-0.0095,-0.0081,-0.0066,-0.005,-0.0034,-0.0018,-0.0001,0.0016,0.0033,0.0049,0.0064,0.0078,0.009,0.01,0.0109,0.0115,0.0118,0.0119,0.0118,0.0113,0.0107,0.0098,0.0087,0.0074,0.006,0.0044,0.0028,0.0012,-0.0005,-0.0021,-0.0036,-0.0049,-0.006,-0.007,-0.0077,-0.0082,-0.0085,-0.0085,-0.0082,-0.0076,-0.0069,-0.0059,-0.0047,-0.0034,-0.002,-0.0005,0.0009,0.0022,0.0034,0.0044,0.0053,0.0059,0.0062,0.0064,0.0064,0.0062,0.0059,0.0055,0.0051,0.0047,0.0043,0.0044,0.0044,0.0041,0,0,0,0,0.0032,0.0032,0.0032,0.0032,0.0033,0.0033,0.0033,0.0034,0.0034,0.0034,0.0035,0.0035,0.0036
98,-0.0164,-0.0152,-0.014,-0.0128,-0.0115,-0.0103,-0.009,-0.0076,-0.0062,-0.0048,-0.0032,-0.0017,-0.0001,0.0015,0.0031,0.0046,0.006,0.0073,0.0085,0.0095,0.0103,0.0108,0.0112,0.0113,0.0111,0.0107,0.0101,0.0093,0.0082,0.007,0.0057,0.0042,0.0027,0.0011,-0.0005,-0.002,-0.0034,-0.0046,-0.0057,-0.0066,-0.0073,-0.0078,-0.008,-0.008,-0.0077,-0.0072,-0.0065,-0.0055,-0.0044,-0.0032,-0.0019,-0.0005,0.0008,0.0021,0.0032,0.0042,0.005,0.0055,0.0059,0.006,0.006,0.0058,0.0056,0.0052,0.0049,0.0045,0.0041,0.0042,0.0042,0.0042,0,0,0,0,0.003,0.003,0.003,0.003,0.003,0.0031,0.0031,0.0032,0.0032,0.0032,0.0033,0.0033,0.0034
99,-0.0155,-0.0143,-0.0132,-0.012,-0.0109,-0.0097,-0.0085,-0.0072,-0.0059,-0.0045,-0.003,-0.0016,-0.0001,0.0014,0.0029,0.0043,0.0057,0.0069,0.008,0.0089,0.0097,0.0102,0.0105,0.0106,0.0105,0.0101,0.0095,0.0087,0.0077,0.0066,0.0053,0.004,0.0025,0.001,-0.0004,-0.0018,-0.0032,-0.0043,-0.0054,-0.0062,-0.0069,-0.0073,-0.0075,-0.0075,-0.0073,-0.0068,-0.0061,-0.0052,-0.0042,-0.003,-0.0018,-0.0005,0.0008,0.002,0.003,0.0039,0.0047,0.0052,0.0055,0.0057,0.0056,0.0055,0.0052,0.0049,0.0046,0.0042,0.0038,0.0039,0.004,0.004,0,0,0,0,0.0029,0.0028,0.0028,0.0028,0.0028,0.0029,0.0029,0.0029,0.003,0.003,0.0031,0.0031,0.0032
100,-0.0145,-0.0134,-0.0124,-0.0113,-0.0102,-0.0091,-0.0079,-0.0067,-0.0055,-0.0042,-0.0029,-0.0015,-0.0001,0.0013,0.0027,0.004,0.0053,0.0065,0.0075,0.0084,0.0091,0.0096,0.0098,0.0099,0.0098,0.0095,0.0089,0.0082,0.0073,0.0062,0.005,0.0037,0.0023,0.001,-0.0004,-0.0017,-0.003,-0.0041,-0.005,-0.0058,-0.0065,-0.0069,-0.0071,-0.0071,-0.0068,-0.0064,-0.0057,-0.0049,-0.0039,-0.0028,-0.0016,-0.0004,0.0007,0.0018,0.0028,0.0037,0.0044,0.0049,0.0052,0.0053,0.0053,0.0051,0.0049,0.0046,0.0043,0.0039,0.0036,0.0037,0.0037,0.0037,0,0,0,0,0.0028,0.0027,0.0026,0.0026,0.0026,0.0026,0.0027,0.0027,0.0028,0.0028,0.0028,0.0029,0.003
101,-0.0135,-0.0125,-0.0115,-0.0105,-0.0095,-0.0085,-0.0074,-0.0063,-0.0051,-0.0039,-0.0027,-0.0014,-0.0001,0.0012,0.0025,0.0038,0.005,0.006,0.007,0.0078,0.0084,0.0089,0.0092,0.0093,0.0091,0.0088,0.0083,0.0076,0.0068,0.0058,0.0047,0.0035,0.0022,0.0009,-0.0004,-0.0016,-0.0028,-0.0038,-0.0047,-0.0054,-0.006,-0.0064,-0.0066,-0.0066,-0.0064,-0.0059,-0.0053,-0.0046,-0.0037,-0.0026,-0.0015,-0.0004,0.0007,0.0017,0.0027,0.0035,0.0041,0.0046,0.0048,0.005,0.0049,0.0048,0.0046,0.0043,0.004,0.0037,0.0033,0.0034,0.0035,0.0035,0,0,0,0,0.0027,0.0026,0.0024,0.0024,0.0024,0.0024,0.0025,0.0025,0.0025,0.0026,0.0026,0.0027,0.0028
102,-0.0126,-0.0116,-0.0107,-0.0098,-0.0088,-0.0079,-0.0069,-0.0058,-0.0048,-0.0036,-0.0025,-0.0013,-0.0001,0.0012,0.0023,0.0035,0.0046,0.0056,0.0065,0.0072,0.0078,0.0083,0.0085,0.0086,0.0085,0.0082,0.0077,0.0071,0.0063,0.0054,0.0043,0.0032,0.002,0.0008,-0.0004,-0.0015,-0.0026,-0.0035,-0.0044,-0.0051,-0.0056,-0.006,-0.0061,-0.0061,-0.0059,-0.0055,-0.005,-0.0042,-0.0034,-0.0024,-0.0014,-0.0004,0.0006,0.0016,0.0025,0.0032,0.0038,0.0042,0.0045,0.0046,0.0046,0.0045,0.0043,0.004,0.0037,0.0034,0.0031,0.0032,0.0033,0.0033,0,0,0,0,0.0027,0.0025,0.0023,0.0023,0.0022,0.0022,0.0022,0.0023,0.0023,0.0024,0.0024,0.0025,0.0026
103,-0.0116,-0.0107,-0.0099,-0.009,-0.0082,-0.0073,-0.0063,-0.0054,-0.0044,-0.0034,-0.0023,-0.0012,-0.0001,0.0011,0.0022,0.0032,0.0042,0.0052,0.006,0.0067,0.0072,0.0076,0.0079,0.0079,0.0078,0.0076,0.0071,0.0065,0.0058,0.005,0.004,0.003,0.0019,0.0008,-0.0003,-0.0014,-0.0024,-0.0033,-0.004,-0.0047,-0.0052,-0.0055,-0.0057,-0.0056,-0.0055,-0.0051,-0.0046,-0.0039,-0.0031,-0.0023,-0.0013,-0.0004,0.0006,0.0015,0.0023,0.003,0.0035,0.0039,0.0041,0.0043,0.0042,0.0041,0.0039,0.0037,0.0034,0.0031,0.0029,0.003,0.003,0.0031,0,0,0,0,0.0028,0.0025,0.0023,0.0021,0.0021,0.002,0.002,0.0021,0.0021,0.0022,0.0022,0.0023,0.0024
104,-0.0106,-0.0098,-0.0091,-0.0083,-0.0075,-0.0067,-0.0058,-0.0049,-0.004,-0.0031,-0.0021,-0.0011,-0.0001,0.001,0.002,0.003,0.0039,0.0047,0.0055,0.0061,0.0066,0.007,0.0072,0.0073,0.0072,0.0069,0.0065,0.006,0.0053,0.0045,0.0037,0.0027,0.0017,0.0007,-0.0003,-0.0013,-0.0022,-0.003,-0.0037,-0.0043,-0.0047,-0.005,-0.0052,-0.0052,-0.005,-0.0047,-0.0042,-0.0036,-0.0029,-0.0021,-0.0012,-0.0003,0.0005,0.0014,0.0021,0.0027,0.0032,0.0036,0.0038,0.0039,0.0039,0.0038,0.0036,0.0034,0.0031,0.0029,0.0026,0.0027,0.0028,0.0028,0,0,0,0,0.0026,0.0025,0.0022,0.002,0.0019,0.0019,0.0019,0.0019,0.0019,0.002,0.002,0.0021,0.0022
105,-0.0097,-0.0089,-0.0082,-0.0075,-0.0068,-0.006,-0.0053,-0.0045,-0.0037,-0.0028,-0.0019,-0.001,-0.0001,0.0009,0.0018,0.0027,0.0035,0.0043,0.005,0.0056,0.006,0.0064,0.0066,0.0066,0.0065,0.0063,0.0059,0.0055,0.0048,0.0041,0.0033,0.0025,0.0016,0.0006,-0.0003,-0.0012,-0.002,-0.0027,-0.0034,-0.0039,-0.0043,-0.0046,-0.0047,-0.0047,-0.0045,-0.0042,-0.0038,-0.0033,-0.0026,-0.0019,-0.0011,-0.0003,0.0005,0.0012,0.0019,0.0025,0.0029,0.0033,0.0035,0.0035,0.0035,0.0034,0.0033,0.0031,0.0029,0.0026,0.0024,0.0025,0.0026,0.0026,0,0,0,0,0.0024,0.0023,0.0022,0.002,0.0018,0.0017,0.0017,0.0017,0.0017,0.0018,0.0018,0.0019,0.002
106,-0.0087,-0.0081,-0.0074,-0.0068,-0.0061,-0.0054,-0.0048,-0.004,-0.0033,-0.0025,-0.0017,-0.0009,0,0.0008,0.0016,0.0024,0.0032,0.0039,0.0045,0.005,0.0054,0.0057,0.0059,0.006,0.0059,0.0057,0.0053,0.0049,0.0044,0.0037,0.003,0.0022,0.0014,0.0006,-0.0002,-0.001,-0.0018,-0.0024,-0.003,-0.0035,-0.0039,-0.0041,-0.0042,-0.0042,-0.0041,-0.0038,-0.0034,-0.0029,-0.0023,-0.0017,-0.001,-0.0003,0.0004,0.0011,0.0017,0.0022,0.0026,0.0029,0.0031,0.0032,0.0032,0.0031,0.0029,0.0028,0.0026,0.0024,0.0021,0.0022,0.0023,0.0024,0,0,0,0,0.0022,0.0021,0.002,0.0019,0.0017,0.0016,0.0015,0.0015,0.0015,0.0016,0.0016,0.0017,0.0018
107,-0.0077,-0.0072,-0.0066,-0.006,-0.0054,-0.0048,-0.0042,-0.0036,-0.0029,-0.0022,-0.0015,-0.0008,0,0.0007,0.0014,0.0022,0.0028,0.0034,0.004,0.0045,0.0048,0.0051,0.0053,0.0053,0.0052,0.005,0.0048,0.0044,0.0039,0.0033,0.0027,0.002,0.0013,0.0005,-0.0002,-0.0009,-0.0016,-0.0022,-0.0027,-0.0031,-0.0034,-0.0037,-0.0038,-0.0038,-0.0036,-0.0034,-0.0031,-0.0026,-0.0021,-0.0015,-0.0009,-0.0002,0.0004,0.001,0.0015,0.002,0.0023,0.0026,0.0028,0.0028,0.0028,0.0027,0.0026,0.0025,0.0023,0.0021,0.0019,0.002,0.0021,0.0021,0,0,0,0,0.0021,0.002,0.0019,0.0018,0.0016,0.0015,0.0014,0.0013,0.0013,0.0014,0.0014,0.0015,0.0016
108,-0.0068,-0.0063,-0.0058,-0.0053,-0.0048,-0.0042,-0.0037,-0.0031,-0.0026,-0.002,-0.0013,-0.0007,0,0.0006,0.0013,0.0019,0.0025,0.003,0.0035,0.0039,0.0042,0.0045,0.0046,0.0046,0.0046,0.0044,0.0042,0.0038,0.0034,0.0029,0.0023,0.0017,0.0011,0.0004,-0.0002,-0.0008,-0.0014,-0.0019,-0.0024,-0.0027,-0.003,-0.0032,-0.0033,-0.0033,-0.0032,-0.003,-0.0027,-0.0023,-0.0018,-0.0013,-0.0008,-0.0002,0.0003,0.0009,0.0013,0.0017,0.002,0.0023,0.0024,0.0025,0.0025,0.0024,0.0023,0.0022,0.002,0.0018,0.0017,0.0018,0.0018,0.0019,0,0,0,0,0.0019,0.0018,0.0017,0.0016,0.0015,0.0014,0.0012,0.0012,0.0012,0.0012,0.0012,0.0013,0.0014
109,-0.0058,-0.0054,-0.0049,-0.0045,-0.0041,-0.0036,-0.0032,-0.0027,-0.0022,-0.0017,-0.0011,-0.0006,0,0.0005,0.0011,0.0016,0.0021,0.0026,0.003,0.0033,0.0036,0.0038,0.0039,0.004,0.0039,0.0038,0.0036,0.0033,0.0029,0.0025,0.002,0.0015,0.0009,0.0004,-0.0002,-0.0007,-0.0012,-0.0016,-0.002,-0.0023,-0.0026,-0.0027,-0.0028,-0.0028,-0.0027,-0.0025,-0.0023,-0.002,-0.0016,-0.0011,-0.0007,-0.0002,0.0003,0.0007,0.0011,0.0015,0.0018,0.002,0.0021,0.0021,0.0021,0.0021,0.002,0.0018,0.0017,0.0016,0.0014,0.0015,0.0016,0.0016,0,0,0,0,0.0016,0.0016,0.0016,0.0015,0.0014,0.0012,0.0011,0.001,0.001,0.001,0.001,0.0011,0.0012
110,-0.0048,-0.0045,-0.0041,-0.0038,-0.0034,-0.003,-0.0026,-0.0022,-0.0018,-0.0014,-0.001,-0.0005,0,0.0004,0.0009,0.0013,0.0018,0.0022,0.0025,0.0028,0.003,0.0032,0.0033,0.0033,0.0033,0.0032,0.003,0.0027,0.0024,0.0021,0.0017,0.0012,0.0008,0.0003,-0.0001,-0.0006,-0.001,-0.0014,-0.0017,-0.0019,-0.0022,-0.0023,-0.0024,-0.0024,-0.0023,-0.0021,-0.0019,-0.0016,-0.0013,-0.0009,-0.0005,-0.0001,0.0002,0.0006,0.0009,0.0012,0.0015,0.0016,0.0017,0.0018,0.0018,0.0017,0.0016,0.0015,0.0014,0.0013,0.0012,0.0013,0.0014,0.0014,0,0,0,0,0.0014,0.0014,0.0014,0.0013,0.0012,0.0011,0.001,0.0009,0.0008,0.0008,0.0008,0.0009,0.001
111,-0.0039,-0.0036,-0.0033,-0.003,-0.0027,-0.0024,-0.0021,-0.0018,-0.0015,-0.0011,-0.0008,-0.0004,0,0.0004,0.0007,0.0011,0.0014,0.0017,0.002,0.0022,0.0024,0.0025,0.0026,0.0026,0.0026,0.0025,0.0024,0.0022,0.0019,0.0017,0.0013,0.001,0.0006,0.0003,-0.0001,-0.0005,-0.0008,-0.0011,-0.0013,-0.0016,-0.0017,-0.0018,-0.0019,-0.0019,-0.0018,-0.0017,-0.0015,-0.0013,-0.001,-0.0008,-0.0004,-0.0001,0.0002,0.0005,0.0008,0.001,0.0012,0.0013,0.0014,0.0014,0.0014,0.0014,0.0013,0.0012,0.0011,0.001,0.001,0.0011,0.0011,0.0012,0,0,0,0,0.0012,0.0012,0.0012,0.0012,0.0011,0.001,0.0009,0.0008,0.0006,0.0006,0.0006,0.0007,0.0008
112,-0.0029,-0.0027,-0.0025,-0.0023,-0.002,-0.0018,-0.0016,-0.0013,-0.0011,-0.0008,-0.0006,-0.0003,0,0.0003,0.0005,0.0008,0.0011,0.0013,0.0015,0.0017,0.0018,0.0019,0.002,0.002,0.002,0.0019,0.0018,0.0016,0.0015,0.0012,0.001,0.0007,0.0005,0.0002,-0.0001,-0.0003,-0.0006,-0.0008,-0.001,-0.0012,-0.0013,-0.0014,-0.0014,-0.0014,-0.0014,-0.0013,-0.0011,-0.001,-0.0008,-0.0006,-0.0003,-0.0001,0.0001,0.0004,0.0006,0.0007,0.0009,0.001,0.001,0.0011,0.0011,0.001,0.001,0.0009,0.0009,0.0008,0.0007,0.0008,0.0009,0.0009,0,0,0,0,0.001,0.001,0.0009,0.0009,0.0009,0.0008,0.0007,0.0006,0.0005,0.0004,0.0005,0.0005,0.0006
113,-0.0019,-0.0018,-0.0016,-0.0015,-0.0014,-0.0012,-0.0011,-0.0009,-0.0007,-0.0006,-0.0004,-0.0002,0,0.0002,0.0004,0.0005,0.0007,0.0009,0.001,0.0011,0.0012,0.0013,0.0013,0.0013,0.0013,0.0013,0.0012,0.0011,0.001,0.0008,0.0007,0.0005,0.0003,0.0001,-0.0001,-0.0002,-0.0004,-0.0005,-0.0007,-0.0008,-0.0009,-0.0009,-0.0009,-0.0009,-0.0009,-0.0008,-0.0008,-0.0007,-0.0005,-0.0004,-0.0002,-0.0001,0.0001,0.0002,0.0004,0.0005,0.0006,0.0007,0.0007,0.0007,0.0007,0.0007,0.0007,0.0006,0.0006,0.0005,0.0005,0.0006,0.0007,0.0007,0,0,0,0,0.0007,0.0007,0.0007,0.0007,0.0007,0.0007,0.0006,0.0005,0.0004,0.0003,0.0003,0.0003,0.0004
114,-0.001,-0.0009,-0.0008,-0.0008,-0.0007,-0.0006,-0.0005,-0.0004,-0.0004,-0.0003,-0.0002,-0.0001,0,0.0001,0.0002,0.0003,0.0004,0.0004,0.0005,0.0006,0.0006,0.0006,0.0007,0.0007,0.0007,0.0006,0.0006,0.0005,0.0005,0.0004,0.0003,0.0002,0.0002,0.0001,0,-0.0001,-0.0002,-0.0003,-0.0003,-0.0004,-0.0004,-0.0005,-0.0005,-0.0005,-0.0005,-0.0004,-0.0004,-0.0003,-0.0003,-0.0002,-0.0001,0,0,0.0001,0.0002,0.0002,0.0003,0.0003,0.0003,0.0004,0.0004,0.0003,0.0003,0.0003,0.0003,0.0003,0.0002,0.0003,0.0004,0.0005,0,0,0,0,0.0005,0.0005,0.0005,0.0005,0.0005,0.0005,0.0005,0.0004,0.0003,0.0002,0.0002,0.0001,0.0002
115,0,0,0,0,0,0,0,0,0,0,0,0,0,0,0,0,0,0,0,0,0,0,0,0,0,0,0,0,0,0,0,0,0,0,0,0,0,0,0,0,0,0,0,0,0,0,0,0,0,0,0,0,0,0,0,0,0,0,0,0,0,0,0,0,0,0,0,0.0001,0.0002,0.0002,0,0,0,0,0.0003,0.0003,0.0003,0.0003,0.0003,0.0003,0.0003,0.0003,0.0002,0.0001,0.0001,0,0
116,0,0,0,0,0,0,0,0,0,0,0,0,0,0,0,0,0,0,0,0,0,0,0,0,0,0,0,0,0,0,0,0,0,0,0,0,0,0,0,0,0,0,0,0,0,0,0,0,0,0,0,0,0,0,0,0,0,0,0,0,0,0,0,0,0,0,0,0,0.0001,0.0001,0,0,0,0,0.0002,0.0002,0.0002,0.0002,0.0002,0.0002,0.0002,0.0002,0.0002,0.0001,0.0001,0,0
117,0,0,0,0,0,0,0,0,0,0,0,0,0,0,0,0,0,0,0,0,0,0,0,0,0,0,0,0,0,0,0,0,0,0,0,0,0,0,0,0,0,0,0,0,0,0,0,0,0,0,0,0,0,0,0,0,0,0,0,0,0,0,0,0,0,0,0,0,0,0.0001,0,0,0,0,0.0001,0.0001,0.0001,0.0001,0.0001,0.0001,0.0001,0.0001,0.0001,0.0001,0.0001,0,0
118,0,0,0,0,0,0,0,0,0,0,0,0,0,0,0,0,0,0,0,0,0,0,0,0,0,0,0,0,0,0,0,0,0,0,0,0,0,0,0,0,0,0,0,0,0,0,0,0,0,0,0,0,0,0,0,0,0,0,0,0,0,0,0,0,0,0,0,0,0,0,0,0,0,0,0.0001,0.0001,0.0001,0.0001,0.0001,0.0001,0.0001,0.0001,0.0001,0.0001,0.0001,0,0
119,0,0,0,0,0,0,0,0,0,0,0,0,0,0,0,0,0,0,0,0,0,0,0,0,0,0,0,0,0,0,0,0,0,0,0,0,0,0,0,0,0,0,0,0,0,0,0,0,0,0,0,0,0,0,0,0,0,0,0,0,0,0,0,0,0,0,0,0,0,0,0,0,0,0,0,0,0,0,0,0,0,0,0,0,0,0,0
120,0,0,0,0,0,0,0,0,0,0,0,0,0,0,0,0,0,0,0,0,0,0,0,0,0,0,0,0,0,0,0,0,0,0,0,0,0,0,0,0,0,0,0,0,0,0,0,0,0,0,0,0,0,0,0,0,0,0,0,0,0,0,0,0,0,0,0,0,0,0,0,0,0,0,0,0,0,0,0,0,0,0,0,0,0,0,0
